Mission File was provided: witmotion.moos
uXMS_374 thread spawned
starting uXMS_374 thread

-------------- moos connect ----------------------
  contacting a MOOS server localhost:9000 -  try 00001 
  Handshaking as uXMS_374               [1;32m[ok]
[0m  DB reports async support is           [1;32m[on]
[0m  DB is running on                      [1;32mkali
[0m  Timing skew estimation is             [33m[off] (not needed)
[0m--------------------------------------------------

***************************************************
*  uXMS_374 starting ...
***************************************************
uXMS_374 is Running:
 |-Baseline AppTick   @ 5.0 Hz
 |--Comms is Full Duplex and Asynchronous
 -Iterate Mode 0 :
   |-Regular iterate and message delivery at 5 Hz











==============================================================
uXMS_374                                                0/0(1)
==============================================================
VarName              (S)  (T)  (C)  VarValue (SCOPING:[7;32mEVENTS[0m)
-------------------  ---  ---  ---  -------------------------
DB_CLIENTS                          "iSerialWitMotion,"
DB_EVENT                            "connected=uXMS_374"
DB_QOS                              "iSerialWitMotion=0:0.365973:0.18692:0,"
DB_TIME                             1787021576.905889
DB_UPTIME                           2.063616
INS_ACCEL_X                         -0.002441
INS_ACCEL_Y                         -0.153776
INS_ACCEL_Z                         0.987137
INS_DATA                            "{"accelerationX":-0.0024408858735114336,"accelerationY":-0.15377581119537354,"accelerationZ":0.9871373772621155,"angular_velocity_x":0.10910098999738693,"angular_velocity_y":0.33678463101387024,"angular_velocity_z":0.12560603022575378,"magnetic_field_x_uT":-8.658434867858887,"magnetic_field_y_uT":-37.08140182495117,"magnetic_field_z_uT":6.953257083892822,"pitch":-0.652999997138977,"pitch_madgwick":27.987960815429688,"quaternion_q0":0.118621826171875,"quaternion_q1":-0.0125732421875,"quaternion_q2":0.076202392578125,"quaternion_q3":-0.9898681640625,"raw_temperature":3295.0,"roll":-9.539999961853027,"roll_madgwick":7.964529991149902,"status":"Calibrating","temperature":-3.2950000762939453,"yaw":-166.2989959716797,"yaw_madgwick":33.03196620941162,"yaw_madgwick_mean":30.097136899471483,"yaw_madgwick_raw":33.03196620941162,"yaw_static":0.0}"
INS_GYRO_X                          0.109101
INS_GYRO_Y                          0.336785
INS_GYRO_Z                          0.125606
INS_PITCH                           27.987961
INS_QUAT_W                          0.118622
INS_QUAT_X                          -0.012573
INS_QUAT_Y                          0.076202
INS_QUAT_Z                          -0.989868
INS_RAW_TEMPERATURE                 3295
INS_ROLL                            7.96453
INS_TEMPERATURE                     -3.295
INS_YAW                             33.031966
  -- displaying all variables --










==============================================================
uXMS_374                                                0/0(4)
==============================================================
VarName              (S)  (T)  (C)  VarValue (SCOPING:[7;32mEVENTS[0m)
-------------------  ---  ---  ---  -------------------------
DB_CLIENTS                          "iSerialWitMotion,"
DB_EVENT                            "connected=uXMS_374"
DB_QOS                              "iSerialWitMotion=0:0.365973:0.18692:0,"
DB_TIME                             1787021576.905889
DB_UPTIME                           2.063616
INS_ACCEL_X                         -0.002441
INS_ACCEL_Y                         -0.153804
INS_ACCEL_Z                         0.987279
INS_DATA                            "{"accelerationX":-0.002441327553242445,"accelerationY":-0.15380363166332245,"accelerationZ":0.9872794151306152,"angular_velocity_x":0.09929246455430984,"angular_velocity_y":0.3495655655860901,"angular_velocity_z":0.12386862933635712,"magnetic_field_x_uT":-8.659626960754395,"magnetic_field_y_uT":-37.0925407409668,"magnetic_field_z_uT":6.952753067016602,"pitch":-0.6629999876022339,"pitch_madgwick":37.66556930541992,"quaternion_q0":0.118621826171875,"quaternion_q1":-0.01263427734375,"quaternion_q2":0.076171875,"quaternion_q3":-0.9898681640625,"raw_temperature":3317.0,"roll":-9.538999557495117,"roll_madgwick":14.35243034362793,"status":"Calibrating","temperature":-3.316999912261963,"yaw":-166.3000030517578,"yaw_madgwick":38.84829521179199,"yaw_madgwick_mean":34.77300658708043,"yaw_madgwick_raw":38.84829521179199,"yaw_static":0.0}"
INS_GYRO_X                          0.099292
INS_GYRO_Y                          0.349566
INS_GYRO_Z                          0.123869
INS_PITCH                           37.665569
INS_QUAT_W                          0.118622
INS_QUAT_X                          -0.012634
INS_QUAT_Y                          0.076172
INS_QUAT_Z                          -0.989868
INS_RAW_TEMPERATURE                 3317
INS_ROLL                            14.35243
INS_TEMPERATURE                     -3.317
INS_YAW                             38.848295
  -- displaying all variables --










==============================================================
uXMS_374                                                0/0(7)
==============================================================
VarName              (S)  (T)  (C)  VarValue (SCOPING:[7;32mEVENTS[0m)
-------------------  ---  ---  ---  -------------------------
DB_CLIENTS                          "iSerialWitMotion,"
DB_EVENT                            "connected=uXMS_374"
DB_QOS                              "iSerialWitMotion=0:0.365973:0.18692:0,"
DB_TIME                             1787021576.905889
DB_UPTIME                           2.063616
INS_ACCEL_X                         -0.002441
INS_ACCEL_Y                         -0.153808
INS_ACCEL_Z                         0.987301
INS_DATA                            "{"accelerationX":-0.0024413943756371737,"accelerationY":-0.1538078486919403,"accelerationZ":0.9873008728027344,"angular_velocity_x":0.09010422229766846,"angular_velocity_y":0.31361666321754456,"angular_velocity_z":0.12575674057006836,"magnetic_field_x_uT":-8.646739959716797,"magnetic_field_y_uT":-37.09579086303711,"magnetic_field_z_uT":6.956208229064941,"pitch":-0.6710000038146973,"pitch_madgwick":47.146751403808594,"quaternion_q0":0.118621826171875,"quaternion_q1":-0.0126953125,"quaternion_q2":0.076171875,"quaternion_q3":-0.9898681640625,"raw_temperature":3306.0,"roll":-9.536999702453613,"roll_madgwick":26.71195411682129,"status":"Calibrating","temperature":-3.305999994277954,"yaw":-166.29800415039063,"yaw_madgwick":48.669504165649414,"yaw_madgwick_mean":43.00853397658798,"yaw_madgwick_raw":48.669504165649414,"yaw_static":0.0}"
INS_GYRO_X                          0.090104
INS_GYRO_Y                          0.313617
INS_GYRO_Z                          0.125757
INS_PITCH                           47.146751
INS_QUAT_W                          0.118622
INS_QUAT_X                          -0.012695
INS_QUAT_Y                          0.076172
INS_QUAT_Z                          -0.989868
INS_RAW_TEMPERATURE                 3306
INS_ROLL                            26.711954
INS_TEMPERATURE                     -3.306
INS_YAW                             48.669504
  -- displaying all variables --










==============================================================
uXMS_374                                               0/0(10)
==============================================================
VarName              (S)  (T)  (C)  VarValue (SCOPING:[7;32mEVENTS[0m)
-------------------  ---  ---  ---  -------------------------
DB_CLIENTS                          "uXMS_374,iSerialWitMotion,"
DB_EVENT                            "connected=uXMS_374"
DB_QOS                              "iSerialWitMotion=0:0.468969:0.18692:0,uXMS_374=0:0.431776:0.101089:0,"
DB_TIME                             1787021578.917437
DB_UPTIME                           4.075164
INS_ACCEL_X                         -0.002441
INS_ACCEL_Y                         -0.153808
INS_ACCEL_Z                         0.987304
INS_DATA                            "{"accelerationX":-0.0024414043873548508,"accelerationY":-0.15380847454071045,"accelerationZ":0.9873040914535522,"angular_velocity_x":0.0752536877989769,"angular_velocity_y":0.31848594546318054,"angular_velocity_z":0.12262747436761856,"magnetic_field_x_uT":-8.663019180297852,"magnetic_field_y_uT":-37.09102249145508,"magnetic_field_z_uT":6.9567484855651855,"pitch":-0.5809999704360962,"pitch_madgwick":53.87897872924805,"quaternion_q0":0.118621826171875,"quaternion_q1":-0.01171875,"quaternion_q2":0.0762939453125,"quaternion_q3":-0.989898681640625,"raw_temperature":3284.0,"roll":-9.538999557495117,"roll_madgwick":41.176124572753906,"status":"Calibrating","temperature":-3.2839999198913574,"yaw":-166.30599975585938,"yaw_madgwick":62.95268630981445,"yaw_madgwick_mean":53.683928438180565,"yaw_madgwick_raw":62.95268630981445,"yaw_static":0.0}"
INS_GYRO_X                          0.075254
INS_GYRO_Y                          0.318486
INS_GYRO_Z                          0.122627
INS_PITCH                           53.878979
INS_QUAT_W                          0.118622
INS_QUAT_X                          -0.011719
INS_QUAT_Y                          0.076294
INS_QUAT_Z                          -0.989899
INS_RAW_TEMPERATURE                 3284
INS_ROLL                            41.176125
INS_TEMPERATURE                     -3.284
INS_YAW                             62.952686
  -- displaying all variables --










==============================================================
uXMS_374                                               0/0(13)
==============================================================
VarName              (S)  (T)  (C)  VarValue (SCOPING:[7;32mEVENTS[0m)
-------------------  ---  ---  ---  -------------------------
DB_CLIENTS                          "uXMS_374,iSerialWitMotion,"
DB_EVENT                            "connected=uXMS_374"
DB_QOS                              "iSerialWitMotion=0:0.468969:0.18692:0,uXMS_374=0:0.431776:0.101089:0,"
DB_TIME                             1787021578.917437
DB_UPTIME                           4.075164
INS_ACCEL_X                         -0.002441
INS_ACCEL_Y                         -0.153809
INS_ACCEL_Z                         0.987305
INS_DATA                            "{"accelerationX":-0.0024414060171693563,"accelerationY":-0.1538085788488388,"accelerationZ":0.9873046278953552,"angular_velocity_x":0.0833117812871933,"angular_velocity_y":0.31827646493911743,"angular_velocity_z":0.15067794919013977,"magnetic_field_x_uT":-8.663463592529297,"magnetic_field_y_uT":-37.099002838134766,"magnetic_field_z_uT":6.959873676300049,"pitch":-0.367000013589859,"pitch_madgwick":56.63301086425781,"quaternion_q0":0.11846923828125,"quaternion_q1":-0.00994873046875,"quaternion_q2":0.0765380859375,"quaternion_q3":-0.989898681640625,"raw_temperature":3295.0,"roll":-9.541000366210938,"roll_madgwick":59.46405029296875,"status":"Calibrating","temperature":-3.2950000762939453,"yaw":-166.34100341796875,"yaw_madgwick":82.13197708129883,"yaw_madgwick_mean":69.7265922146696,"yaw_madgwick_raw":82.13197708129883,"yaw_static":0.0}"
INS_GYRO_X                          0.083312
INS_GYRO_Y                          0.318276
INS_GYRO_Z                          0.150678
INS_PITCH                           56.633011
INS_QUAT_W                          0.118469
INS_QUAT_X                          -0.009949
INS_QUAT_Y                          0.076538
INS_QUAT_Z                          -0.989899
INS_RAW_TEMPERATURE                 3295
INS_ROLL                            59.46405
INS_TEMPERATURE                     -3.295
INS_YAW                             82.131977
  -- displaying all variables --










==============================================================
uXMS_374                                               0/0(16)
==============================================================
VarName              (S)  (T)  (C)  VarValue (SCOPING:[7;32mEVENTS[0m)
-------------------  ---  ---  ---  -------------------------
DB_CLIENTS                          "uXMS_374,iSerialWitMotion,"
DB_EVENT                            "connected=uXMS_374"
DB_QOS                              "iSerialWitMotion=0:0.468969:0.18692:0,uXMS_374=0:0.431776:0.101089:0,"
DB_TIME                             1787021578.917437
DB_UPTIME                           4.075164
INS_ACCEL_X                         -0.002441
INS_ACCEL_Y                         -0.153771
INS_ACCEL_Z                         0.987305
INS_DATA                            "{"accelerationX":-0.00244140625,"accelerationY":-0.15377116203308105,"accelerationZ":0.9873046875,"angular_velocity_x":0.08989828079938889,"angular_velocity_y":0.33814844489097595,"angular_velocity_z":0.14288309216499329,"magnetic_field_x_uT":-8.663219451904297,"magnetic_field_y_uT":-37.10746765136719,"magnetic_field_z_uT":6.9559245109558105,"pitch":-0.25,"pitch_madgwick":55.94938659667969,"quaternion_q0":0.118408203125,"quaternion_q1":-0.00897216796875,"quaternion_q2":0.07666015625,"quaternion_q3":-0.989898681640625,"raw_temperature":3306.0,"roll":-9.541000366210938,"roll_madgwick":78.8200912475586,"status":"Calibrating","temperature":-3.305999994277954,"yaw":-166.35699462890625,"yaw_madgwick":102.08638000488281,"yaw_madgwick_mean":90.1284359543519,"yaw_madgwick_raw":102.08638000488281,"yaw_static":0.0}"
INS_GYRO_X                          0.089898
INS_GYRO_Y                          0.338148
INS_GYRO_Z                          0.142883
INS_PITCH                           55.949387
INS_QUAT_W                          0.118408
INS_QUAT_X                          -0.008972
INS_QUAT_Y                          0.07666
INS_QUAT_Z                          -0.989899
INS_RAW_TEMPERATURE                 3306
INS_ROLL                            78.820091
INS_TEMPERATURE                     -3.306
INS_YAW                             102.08638
  -- displaying all variables --










==============================================================
uXMS_374                                               0/0(19)
==============================================================
VarName              (S)  (T)  (C)  VarValue (SCOPING:[7;32mEVENTS[0m)
-------------------  ---  ---  ---  -------------------------
DB_CLIENTS                          "uXMS_374,iSerialWitMotion,"
DB_EVENT                            "connected=uXMS_374"
DB_QOS                              "iSerialWitMotion=0.565052:0.565052:0.18692:0.381804,uXMS_374=0:0.431776:0.101089:0,"
DB_TIME                             1787021580.937595
DB_UPTIME                           6.095324
INS_ACCEL_X                         -0.002441
INS_ACCEL_Y                         -0.153803
INS_ACCEL_Z                         0.987305
INS_DATA                            "{"accelerationX":-0.00244140625,"accelerationY":-0.15380293130874634,"accelerationZ":0.9873046875,"angular_velocity_x":0.11079742759466171,"angular_velocity_y":0.3135738968849182,"angular_velocity_z":0.13399918377399445,"magnetic_field_x_uT":-8.645979881286621,"magnetic_field_y_uT":-37.09550476074219,"magnetic_field_z_uT":6.953902721405029,"pitch":-0.18700000643730164,"pitch_madgwick":51.634361267089844,"quaternion_q0":0.11834716796875,"quaternion_q1":-0.008453369140625,"quaternion_q2":0.07672119140625,"quaternion_q3":-0.98992919921875,"raw_temperature":3295.0,"roll":-9.541999816894531,"roll_madgwick":99.07030487060547,"status":"Calibrating","temperature":-3.2950000762939453,"yaw":-166.36900329589844,"yaw_madgwick":122.11553192138672,"yaw_madgwick_mean":110.62393683193977,"yaw_madgwick_raw":122.11553192138672,"yaw_static":0.0}"
INS_GYRO_X                          0.110797
INS_GYRO_Y                          0.313574
INS_GYRO_Z                          0.133999
INS_PITCH                           51.634361
INS_QUAT_W                          0.118347
INS_QUAT_X                          -0.008453
INS_QUAT_Y                          0.076721
INS_QUAT_Z                          -0.989929
INS_RAW_TEMPERATURE                 3295
INS_ROLL                            99.070305
INS_TEMPERATURE                     -3.295
INS_YAW                             122.115532
  -- displaying all variables --










==============================================================
uXMS_374                                               0/0(22)
==============================================================
VarName              (S)  (T)  (C)  VarValue (SCOPING:[7;32mEVENTS[0m)
-------------------  ---  ---  ---  -------------------------
DB_CLIENTS                          "uXMS_374,iSerialWitMotion,"
DB_EVENT                            "connected=uXMS_374"
DB_QOS                              "iSerialWitMotion=0.565052:0.565052:0.18692:0.381804,uXMS_374=0:0.431776:0.101089:0,"
DB_TIME                             1787021580.937595
DB_UPTIME                           6.095324
INS_ACCEL_X                         -0.002441
INS_ACCEL_Y                         -0.153808
INS_ACCEL_Z                         0.987305
INS_DATA                            "{"accelerationX":-0.00244140625,"accelerationY":-0.15380774438381195,"accelerationZ":0.9873046875,"angular_velocity_x":0.11158327758312225,"angular_velocity_y":0.31453830003738403,"angular_velocity_z":0.13590764999389648,"magnetic_field_x_uT":-8.644329071044922,"magnetic_field_y_uT":-37.08576202392578,"magnetic_field_z_uT":6.95304012298584,"pitch":-0.15299999713897705,"pitch_madgwick":44.03346252441406,"quaternion_q0":0.1182861328125,"quaternion_q1":-0.0081787109375,"quaternion_q2":0.076751708984375,"quaternion_q3":-0.98992919921875,"raw_temperature":3284.0,"roll":-9.541999816894531,"roll_madgwick":114.2568359375,"status":"Calibrating","temperature":-3.2839999198913574,"yaw":-166.37600708007813,"yaw_madgwick":137.10763549804688,"yaw_madgwick_mean":128.24930892880488,"yaw_madgwick_raw":137.10763549804688,"yaw_static":0.0}"
INS_GYRO_X                          0.111583
INS_GYRO_Y                          0.314538
INS_GYRO_Z                          0.135908
INS_PITCH                           44.033463
INS_QUAT_W                          0.118286
INS_QUAT_X                          -0.008179
INS_QUAT_Y                          0.076752
INS_QUAT_Z                          -0.989929
INS_RAW_TEMPERATURE                 3284
INS_ROLL                            114.256836
INS_TEMPERATURE                     -3.284
INS_YAW                             137.107635
  -- displaying all variables --










==============================================================
uXMS_374                                               0/0(25)
==============================================================
VarName              (S)  (T)  (C)  VarValue (SCOPING:[7;32mEVENTS[0m)
-------------------  ---  ---  ---  -------------------------
DB_CLIENTS                          "uXMS_374,iSerialWitMotion,"
DB_EVENT                            "connected=uXMS_374"
DB_QOS                              "iSerialWitMotion=0.565052:0.565052:0.18692:0.381804,uXMS_374=0:0.431776:0.101089:0,"
DB_TIME                             1787021580.937595
DB_UPTIME                           6.095324
INS_ACCEL_X                         -0.002441
INS_ACCEL_Y                         -0.153808
INS_ACCEL_Z                         0.987356
INS_DATA                            "{"accelerationX":-0.00244140625,"accelerationY":-0.15380845963954926,"accelerationZ":0.9873559474945068,"angular_velocity_x":0.11170205473899841,"angular_velocity_y":0.30659082531929016,"angular_velocity_z":0.13057208061218262,"magnetic_field_x_uT":-8.649642944335938,"magnetic_field_y_uT":-37.0888557434082,"magnetic_field_z_uT":6.953065872192383,"pitch":-0.1340000033378601,"pitch_madgwick":35.01051712036133,"quaternion_q0":0.118255615234375,"quaternion_q1":-0.008026123046875,"quaternion_q2":0.0767822265625,"quaternion_q3":-0.98992919921875,"raw_temperature":3284.0,"roll":-9.541999816894531,"roll_madgwick":123.85609436035156,"status":"Calibrating","temperature":-3.2839999198913574,"yaw":-166.38299560546875,"yaw_madgwick":146.12482452392578,"yaw_madgwick_mean":140.1462875351303,"yaw_madgwick_raw":146.12482452392578,"yaw_static":0.0}"
INS_GYRO_X                          0.111702
INS_GYRO_Y                          0.306591
INS_GYRO_Z                          0.130572
INS_PITCH                           35.010517
INS_QUAT_W                          0.118256
INS_QUAT_X                          -0.008026
INS_QUAT_Y                          0.076782
INS_QUAT_Z                          -0.989929
INS_RAW_TEMPERATURE                 3284
INS_ROLL                            123.856094
INS_TEMPERATURE                     -3.284
INS_YAW                             146.124825
  -- displaying all variables --










==============================================================
uXMS_374                                               0/0(28)
==============================================================
VarName              (S)  (T)  (C)  VarValue (SCOPING:[7;32mEVENTS[0m)
-------------------  ---  ---  ---  -------------------------
DB_CLIENTS                          "uXMS_374,iSerialWitMotion,"
DB_EVENT                            "connected=uXMS_374"
DB_QOS                              "iSerialWitMotion=0.346899:0.565052:0.18692:0.338173,uXMS_374=0.476122:0.522852:0.101089:0.328207,"
DB_TIME                             1787021582.954867
DB_UPTIME                           8.112595
INS_ACCEL_X                         -0.002441
INS_ACCEL_Y                         -0.153809
INS_ACCEL_Z                         0.987315
INS_DATA                            "{"accelerationX":-0.00244140625,"accelerationY":-0.1538085639476776,"accelerationZ":0.98731529712677,"angular_velocity_x":0.10321018844842911,"angular_velocity_y":0.3219578266143799,"angular_velocity_z":0.12850947678089142,"magnetic_field_x_uT":-8.646907806396484,"magnetic_field_y_uT":-37.082252502441406,"magnetic_field_z_uT":6.942351818084717,"pitch":-0.12300000339746475,"pitch_madgwick":26.434810638427734,"quaternion_q0":0.118194580078125,"quaternion_q1":-0.007904052734375,"quaternion_q2":0.0767822265625,"quaternion_q3":-0.98992919921875,"raw_temperature":3295.0,"roll":-9.541999816894531,"roll_madgwick":130.30531311035156,"status":"Calibrating","temperature":-3.2950000762939453,"yaw":-166.39199829101563,"yaw_madgwick":152.53018188476563,"yaw_madgwick_mean":147.61624504461307,"yaw_madgwick_raw":152.53018188476563,"yaw_static":0.0}"
INS_GYRO_X                          0.10321
INS_GYRO_Y                          0.321958
INS_GYRO_Z                          0.128509
INS_PITCH                           26.434811
INS_QUAT_W                          0.118195
INS_QUAT_X                          -0.007904
INS_QUAT_Y                          0.076782
INS_QUAT_Z                          -0.989929
INS_RAW_TEMPERATURE                 3295
INS_ROLL                            130.305313
INS_TEMPERATURE                     -3.295
INS_YAW                             152.530182
  -- displaying all variables --










==============================================================
uXMS_374                                               0/0(31)
==============================================================
VarName              (S)  (T)  (C)  VarValue (SCOPING:[7;32mEVENTS[0m)
-------------------  ---  ---  ---  -------------------------
DB_CLIENTS                          "uXMS_374,iSerialWitMotion,"
DB_EVENT                            "connected=uXMS_374"
DB_QOS                              "iSerialWitMotion=0.346899:0.565052:0.18692:0.338173,uXMS_374=0.476122:0.522852:0.101089:0.328207,"
DB_TIME                             1787021582.954867
DB_UPTIME                           8.112595
INS_ACCEL_X                         -0.002441
INS_ACCEL_Y                         -0.153809
INS_ACCEL_Z                         0.987306
INS_DATA                            "{"accelerationX":-0.00244140625,"accelerationY":-0.15380859375,"accelerationZ":0.9873062968254089,"angular_velocity_x":0.11921978741884232,"angular_velocity_y":0.3188011944293976,"angular_velocity_z":0.12645815312862396,"magnetic_field_x_uT":-8.652937889099121,"magnetic_field_y_uT":-37.078033447265625,"magnetic_field_z_uT":6.938786506652832,"pitch":-0.11699999868869781,"pitch_madgwick":15.30865478515625,"quaternion_q0":0.11822509765625,"quaternion_q1":-0.00787353515625,"quaternion_q2":0.0767822265625,"quaternion_q3":-0.98992919921875,"raw_temperature":3295.0,"roll":-9.541999816894531,"roll_madgwick":136.57525634765625,"status":"Calibrating","temperature":-3.2950000762939453,"yaw":-166.38900756835938,"yaw_madgwick":157.76414489746094,"yaw_madgwick_mean":154.48934159695986,"yaw_madgwick_raw":157.76414489746094,"yaw_static":0.0}"
INS_GYRO_X                          0.11922
INS_GYRO_Y                          0.318801
INS_GYRO_Z                          0.126458
INS_PITCH                           15.308655
INS_QUAT_W                          0.118225
INS_QUAT_X                          -0.007874
INS_QUAT_Y                          0.076782
INS_QUAT_Z                          -0.989929
INS_RAW_TEMPERATURE                 3295
INS_ROLL                            136.575256
INS_TEMPERATURE                     -3.295
INS_YAW                             157.764145
  -- displaying all variables --










==============================================================
uXMS_374                                               0/0(34)
==============================================================
VarName              (S)  (T)  (C)  VarValue (SCOPING:[7;32mEVENTS[0m)
-------------------  ---  ---  ---  -------------------------
DB_CLIENTS                          "uXMS_374,iSerialWitMotion,"
DB_EVENT                            "connected=uXMS_374"
DB_QOS                              "iSerialWitMotion=0.346899:0.565052:0.18692:0.338173,uXMS_374=0.476122:0.522852:0.101089:0.328207,"
DB_TIME                             1787021582.954867
DB_UPTIME                           8.112595
INS_ACCEL_X                         -0.002441
INS_ACCEL_Y                         -0.153809
INS_ACCEL_Z                         0.987305
INS_DATA                            "{"accelerationX":-0.00244140625,"accelerationY":-0.15380859375,"accelerationZ":0.9873052835464478,"angular_velocity_x":0.12096211314201355,"angular_velocity_y":0.3225072920322418,"angular_velocity_z":0.14026518166065216,"magnetic_field_x_uT":-8.67031478881836,"magnetic_field_y_uT":-37.07655715942383,"magnetic_field_z_uT":6.9440107345581055,"pitch":-0.11400000005960464,"pitch_madgwick":9.366752624511719,"quaternion_q0":0.118316650390625,"quaternion_q1":-0.007843017578125,"quaternion_q2":0.0767822265625,"quaternion_q3":-0.98992919921875,"raw_temperature":3306.0,"roll":-9.541999816894531,"roll_madgwick":139.03904724121094,"status":"Calibrating","temperature":-3.305999994277954,"yaw":-166.38099670410156,"yaw_madgwick":159.4935760498047,"yaw_madgwick_mean":156.97291811750722,"yaw_madgwick_raw":159.4935760498047,"yaw_static":0.0}"
INS_GYRO_X                          0.120962
INS_GYRO_Y                          0.322507
INS_GYRO_Z                          0.140265
INS_PITCH                           9.366753
INS_QUAT_W                          0.118317
INS_QUAT_X                          -0.007843
INS_QUAT_Y                          0.076782
INS_QUAT_Z                          -0.989929
INS_RAW_TEMPERATURE                 3306
INS_ROLL                            139.039047
INS_TEMPERATURE                     -3.306
INS_YAW                             159.493576
  -- displaying all variables --










==============================================================
uXMS_374                                               0/0(37)
==============================================================
VarName              (S)  (T)  (C)  VarValue (SCOPING:[7;32mEVENTS[0m)
-------------------  ---  ---  ---  -------------------------
DB_CLIENTS                          "uXMS_374,iSerialWitMotion,"
DB_EVENT                            "connected=uXMS_374"
DB_QOS                              "iSerialWitMotion=0.346899:0.565052:0.18692:0.338173,uXMS_374=0.476122:0.522852:0.101089:0.328207,"
DB_TIME                             1787021582.954867
DB_UPTIME                           8.112595
INS_ACCEL_X                         -0.002441
INS_ACCEL_Y                         -0.153809
INS_ACCEL_Z                         0.987305
INS_DATA                            "{"accelerationX":-0.00244140625,"accelerationY":-0.15380859375,"accelerationZ":0.9873048067092896,"angular_velocity_x":0.11549241840839386,"angular_velocity_y":0.3515123128890991,"angular_velocity_z":0.12949886918067932,"magnetic_field_x_uT":-8.664773941040039,"magnetic_field_y_uT":-37.0880012512207,"magnetic_field_z_uT":6.958383083343506,"pitch":-0.11299999803304672,"pitch_madgwick":-2.73991322517395,"quaternion_q0":0.11834716796875,"quaternion_q1":-0.007843017578125,"quaternion_q2":0.0767822265625,"quaternion_q3":-0.98992919921875,"raw_temperature":3284.0,"roll":-9.541999816894531,"roll_madgwick":144.0405731201172,"status":"Calibrating","temperature":-3.2839999198913574,"yaw":-166.375,"yaw_madgwick":163.2508087158203,"yaw_madgwick_mean":160.80863423407956,"yaw_madgwick_raw":163.2508087158203,"yaw_static":0.0}"
INS_GYRO_X                          0.115492
INS_GYRO_Y                          0.351512
INS_GYRO_Z                          0.129499
INS_PITCH                           -2.739913
INS_QUAT_W                          0.118347
INS_QUAT_X                          -0.007843
INS_QUAT_Y                          0.076782
INS_QUAT_Z                          -0.989929
INS_RAW_TEMPERATURE                 3284
INS_ROLL                            144.040573
INS_TEMPERATURE                     -3.284
INS_YAW                             163.250809
  -- displaying all variables --










==============================================================
uXMS_374                                               0/0(40)
==============================================================
VarName              (S)  (T)  (C)  VarValue (SCOPING:[7;32mEVENTS[0m)
-------------------  ---  ---  ---  -------------------------
DB_CLIENTS                          "uXMS_374,iSerialWitMotion,"
DB_EVENT                            "connected=uXMS_374"
DB_QOS                              "iSerialWitMotion=0.444889:0.565052:0.18692:0.357771,uXMS_374=0.390053:0.522852:0.101089:0.310993,"
DB_TIME                             1787021584.967312
DB_UPTIME                           10.125039
INS_ACCEL_X                         -0.002441
INS_ACCEL_Y                         -0.153809
INS_ACCEL_Z                         0.987342
INS_DATA                            "{"accelerationX":-0.00244140625,"accelerationY":-0.15380859375,"accelerationZ":0.987342119216919,"angular_velocity_x":0.12107612192630768,"angular_velocity_y":0.3033958375453949,"angular_velocity_z":0.12319305539131165,"magnetic_field_x_uT":-8.651556015014648,"magnetic_field_y_uT":-37.086429595947266,"magnetic_field_z_uT":6.96773624420166,"pitch":-0.1120000034570694,"pitch_madgwick":-13.974732398986816,"quaternion_q0":0.11834716796875,"quaternion_q1":-0.007843017578125,"quaternion_q2":0.0767822265625,"quaternion_q3":-0.98992919921875,"raw_temperature":3317.0,"roll":-9.541999816894531,"roll_madgwick":147.2901611328125,"status":"Calibrating","temperature":-3.316999912261963,"yaw":-166.37399291992188,"yaw_madgwick":165.31228637695313,"yaw_madgwick_mean":163.87400148654237,"yaw_madgwick_raw":165.31228637695313,"yaw_static":0.0}"
INS_GYRO_X                          0.121076
INS_GYRO_Y                          0.303396
INS_GYRO_Z                          0.123193
INS_PITCH                           -13.974732
INS_QUAT_W                          0.118347
INS_QUAT_X                          -0.007843
INS_QUAT_Y                          0.076782
INS_QUAT_Z                          -0.989929
INS_RAW_TEMPERATURE                 3317
INS_ROLL                            147.290161
INS_TEMPERATURE                     -3.317
INS_YAW                             165.312286
  -- displaying all variables --










==============================================================
uXMS_374                                               0/0(43)
==============================================================
VarName              (S)  (T)  (C)  VarValue (SCOPING:[7;32mEVENTS[0m)
-------------------  ---  ---  ---  -------------------------
DB_CLIENTS                          "uXMS_374,iSerialWitMotion,"
DB_EVENT                            "connected=uXMS_374"
DB_QOS                              "iSerialWitMotion=0.444889:0.565052:0.18692:0.357771,uXMS_374=0.390053:0.522852:0.101089:0.310993,"
DB_TIME                             1787021584.967312
DB_UPTIME                           10.125039
INS_ACCEL_X                         -0.002441
INS_ACCEL_Y                         -0.153809
INS_ACCEL_Z                         0.98731
INS_DATA                            "{"accelerationX":-0.00244140625,"accelerationY":-0.15380859375,"accelerationZ":0.9873103499412537,"angular_velocity_x":0.12192004173994064,"angular_velocity_y":0.3181445896625519,"angular_velocity_z":0.13102324306964874,"magnetic_field_x_uT":-8.653026580810547,"magnetic_field_y_uT":-37.08522033691406,"magnetic_field_z_uT":6.947890758514404,"pitch":-0.11100000143051147,"pitch_madgwick":-25.519100189208984,"quaternion_q0":0.118377685546875,"quaternion_q1":-0.0078125,"quaternion_q2":0.076812744140625,"quaternion_q3":-0.98992919921875,"raw_temperature":3295.0,"roll":-9.543000221252441,"roll_madgwick":150.8535614013672,"status":"Calibrating","temperature":-3.2950000762939453,"yaw":-166.37100219726563,"yaw_madgwick":167.2044219970703,"yaw_madgwick_mean":165.85348423564736,"yaw_madgwick_raw":167.2044219970703,"yaw_static":0.0}"
INS_GYRO_X                          0.12192
INS_GYRO_Y                          0.318145
INS_GYRO_Z                          0.131023
INS_PITCH                           -25.5191
INS_QUAT_W                          0.118378
INS_QUAT_X                          -0.007812
INS_QUAT_Y                          0.076813
INS_QUAT_Z                          -0.989929
INS_RAW_TEMPERATURE                 3295
INS_ROLL                            150.853561
INS_TEMPERATURE                     -3.295
INS_YAW                             167.204422
  -- displaying all variables --










==============================================================
uXMS_374                                               0/0(46)
==============================================================
VarName              (S)  (T)  (C)  VarValue (SCOPING:[7;32mEVENTS[0m)
-------------------  ---  ---  ---  -------------------------
DB_CLIENTS                          "uXMS_374,iSerialWitMotion,"
DB_EVENT                            "connected=uXMS_374"
DB_QOS                              "iSerialWitMotion=0.444889:0.565052:0.18692:0.357771,uXMS_374=0.390053:0.522852:0.101089:0.310993,"
DB_TIME                             1787021584.967312
DB_UPTIME                           10.125039
INS_ACCEL_X                         -0.002441
INS_ACCEL_Y                         -0.153809
INS_ACCEL_Z                         0.987427
INS_DATA                            "{"accelerationX":-0.00244140625,"accelerationY":-0.15380859375,"accelerationZ":0.9874271154403687,"angular_velocity_x":0.11563719809055328,"angular_velocity_y":0.3300352990627289,"angular_velocity_z":0.12342344969511032,"magnetic_field_x_uT":-8.653331756591797,"magnetic_field_y_uT":-37.090213775634766,"magnetic_field_z_uT":6.945709705352783,"pitch":-0.11100000143051147,"pitch_madgwick":-37.636043548583984,"quaternion_q0":0.11834716796875,"quaternion_q1":-0.007843017578125,"quaternion_q2":0.076812744140625,"quaternion_q3":-0.98992919921875,"raw_temperature":3295.0,"roll":-9.543000221252441,"roll_madgwick":153.3759765625,"status":"Calibrating","temperature":-3.2950000762939453,"yaw":-166.37399291992188,"yaw_madgwick":169.16127014160156,"yaw_madgwick_mean":167.88568951888723,"yaw_madgwick_raw":169.16127014160156,"yaw_static":0.0}"
INS_GYRO_X                          0.115637
INS_GYRO_Y                          0.330035
INS_GYRO_Z                          0.123423
INS_PITCH                           -37.636044
INS_QUAT_W                          0.118347
INS_QUAT_X                          -0.007843
INS_QUAT_Y                          0.076813
INS_QUAT_Z                          -0.989929
INS_RAW_TEMPERATURE                 3295
INS_ROLL                            153.375977
INS_TEMPERATURE                     -3.295
INS_YAW                             169.16127
  -- displaying all variables --










==============================================================
uXMS_374                                               0/0(49)
==============================================================
VarName              (S)  (T)  (C)  VarValue (SCOPING:[7;32mEVENTS[0m)
-------------------  ---  ---  ---  -------------------------
DB_CLIENTS                          "uXMS_374,iSerialWitMotion,"
DB_EVENT                            "connected=uXMS_374"
DB_QOS                              "iSerialWitMotion=0.716925:0.716925:0.18692:0.412178,uXMS_374=0.335932:0.522852:0.101089:0.300169,"
DB_TIME                             1787021586.985483
DB_UPTIME                           12.143209
INS_ACCEL_X                         -0.002441
INS_ACCEL_Y                         -0.153809
INS_ACCEL_Z                         0.987351
INS_DATA                            "{"accelerationX":-0.00244140625,"accelerationY":-0.15380859375,"accelerationZ":0.9873505234718323,"angular_velocity_x":0.10028035193681717,"angular_velocity_y":0.3273778557777405,"angular_velocity_z":0.12227481603622437,"magnetic_field_x_uT":-8.66598129272461,"magnetic_field_y_uT":-37.08386993408203,"magnetic_field_z_uT":6.9499030113220215,"pitch":-0.11100000143051147,"pitch_madgwick":-49.697242736816406,"quaternion_q0":0.118316650390625,"quaternion_q1":-0.0078125,"quaternion_q2":0.076812744140625,"quaternion_q3":-0.98992919921875,"raw_temperature":3306.0,"roll":-9.543000221252441,"roll_madgwick":156.0698699951172,"status":"Calibrating","temperature":-3.305999994277954,"yaw":-166.3780059814453,"yaw_madgwick":170.2133026123047,"yaw_madgwick_mean":169.35672797350344,"yaw_madgwick_raw":170.2133026123047,"yaw_static":0.0}"
INS_GYRO_X                          0.10028
INS_GYRO_Y                          0.327378
INS_GYRO_Z                          0.122275
INS_PITCH                           -49.697243
INS_QUAT_W                          0.118317
INS_QUAT_X                          -0.007812
INS_QUAT_Y                          0.076813
INS_QUAT_Z                          -0.989929
INS_RAW_TEMPERATURE                 3306
INS_ROLL                            156.06987
INS_TEMPERATURE                     -3.306
INS_YAW                             170.213303
  -- displaying all variables --










==============================================================
uXMS_374                                               0/0(52)
==============================================================
VarName              (S)  (T)  (C)  VarValue (SCOPING:[7;32mEVENTS[0m)
-------------------  ---  ---  ---  -------------------------
DB_CLIENTS                          "uXMS_374,iSerialWitMotion,"
DB_EVENT                            "connected=uXMS_374"
DB_QOS                              "iSerialWitMotion=0.716925:0.716925:0.18692:0.412178,uXMS_374=0.335932:0.522852:0.101089:0.300169,"
DB_TIME                             1787021586.985483
DB_UPTIME                           12.143209
INS_ACCEL_X                         -0.002441
INS_ACCEL_Y                         -0.153809
INS_ACCEL_Z                         0.987433
INS_DATA                            "{"accelerationX":-0.00244140625,"accelerationY":-0.15380859375,"accelerationZ":0.987433135509491,"angular_velocity_x":0.11236657947301865,"angular_velocity_y":0.3119460344314575,"angular_velocity_z":0.12677979469299316,"magnetic_field_x_uT":-8.6683349609375,"magnetic_field_y_uT":-37.082027435302734,"magnetic_field_z_uT":6.942595481872559,"pitch":-0.10999999940395355,"pitch_madgwick":-61.723793029785156,"quaternion_q0":0.1182861328125,"quaternion_q1":-0.0078125,"quaternion_q2":0.0767822265625,"quaternion_q3":-0.98992919921875,"raw_temperature":3295.0,"roll":-9.541999816894531,"roll_madgwick":159.44635009765625,"status":"Calibrating","temperature":-3.2950000762939453,"yaw":-166.38099670410156,"yaw_madgwick":170.6874237060547,"yaw_madgwick_mean":170.52259400595787,"yaw_madgwick_raw":170.6874237060547,"yaw_static":0.0}"
INS_GYRO_X                          0.112367
INS_GYRO_Y                          0.311946
INS_GYRO_Z                          0.12678
INS_PITCH                           -61.723793
INS_QUAT_W                          0.118286
INS_QUAT_X                          -0.007812
INS_QUAT_Y                          0.076782
INS_QUAT_Z                          -0.989929
INS_RAW_TEMPERATURE                 3295
INS_ROLL                            159.44635
INS_TEMPERATURE                     -3.295
INS_YAW                             170.687424
  -- displaying all variables --










==============================================================
uXMS_374                                               0/0(55)
==============================================================
VarName              (S)  (T)  (C)  VarValue (SCOPING:[7;32mEVENTS[0m)
-------------------  ---  ---  ---  -------------------------
DB_CLIENTS                          "uXMS_374,iSerialWitMotion,"
DB_EVENT                            "connected=uXMS_374"
DB_QOS                              "iSerialWitMotion=0.716925:0.716925:0.18692:0.412178,uXMS_374=0.335932:0.522852:0.101089:0.300169,"
DB_TIME                             1787021586.985483
DB_UPTIME                           12.143209
INS_ACCEL_X                         -0.002441
INS_ACCEL_Y                         -0.153809
INS_ACCEL_Z                         0.987324
INS_DATA                            "{"accelerationX":-0.00244140625,"accelerationY":-0.15380859375,"accelerationZ":0.9873241186141968,"angular_velocity_x":0.11892085522413254,"angular_velocity_y":0.3160240650177002,"angular_velocity_z":0.1261967420578003,"magnetic_field_x_uT":-8.662915229797363,"magnetic_field_y_uT":-37.09349060058594,"magnetic_field_z_uT":6.954052925109863,"pitch":-0.10999999940395355,"pitch_madgwick":-72.06207275390625,"quaternion_q0":0.1182861328125,"quaternion_q1":-0.0078125,"quaternion_q2":0.0767822265625,"quaternion_q3":-0.98992919921875,"raw_temperature":3306.0,"roll":-9.541999816894531,"roll_madgwick":166.76412963867188,"status":"Calibrating","temperature":-3.305999994277954,"yaw":-166.38299560546875,"yaw_madgwick":167.18324279785156,"yaw_madgwick_mean":169.27519957215017,"yaw_madgwick_raw":167.18324279785156,"yaw_static":0.0}"
INS_GYRO_X                          0.118921
INS_GYRO_Y                          0.316024
INS_GYRO_Z                          0.126197
INS_PITCH                           -72.062073
INS_QUAT_W                          0.118286
INS_QUAT_X                          -0.007812
INS_QUAT_Y                          0.076782
INS_QUAT_Z                          -0.989929
INS_RAW_TEMPERATURE                 3306
INS_ROLL                            166.76413
INS_TEMPERATURE                     -3.306
INS_YAW                             167.183243
  -- displaying all variables --










==============================================================
uXMS_374                                               0/0(58)
==============================================================
VarName              (S)  (T)  (C)  VarValue (SCOPING:[7;32mEVENTS[0m)
-------------------  ---  ---  ---  -------------------------
DB_CLIENTS                          "uXMS_374,iSerialWitMotion,"
DB_EVENT                            "connected=uXMS_374"
DB_QOS                              "iSerialWitMotion=0.348091:0.716925:0.18692:0.338411,uXMS_374=1.23906:1.23906:0.101089:0.480795,"
DB_TIME                             1787021588.993512
DB_UPTIME                           14.151241
INS_ACCEL_X                         -0.002345
INS_ACCEL_Y                         -0.153757
INS_ACCEL_Z                         0.98744
INS_DATA                            "{"accelerationX":-0.0023451310116797686,"accelerationY":-0.15375730395317078,"accelerationZ":0.9874395132064819,"angular_velocity_x":0.10042668133974075,"angular_velocity_y":0.27923738956451416,"angular_velocity_z":0.12737256288528442,"magnetic_field_x_uT":-8.623539924621582,"magnetic_field_y_uT":-37.11564254760742,"magnetic_field_z_uT":6.952030181884766,"pitch":-0.11400000005960464,"pitch_madgwick":-82.35142517089844,"quaternion_q0":0.118255615234375,"quaternion_q1":-0.007843017578125,"quaternion_q2":0.0767822265625,"quaternion_q3":-0.98992919921875,"raw_temperature":3284.0,"roll":-9.541999816894531,"roll_madgwick":-166.395751953125,"status":"Calibrating","temperature":-3.2839999198913574,"yaw":-166.38600158691406,"yaw_madgwick":142.5055389404297,"yaw_madgwick_mean":158.98668312278494,"yaw_madgwick_raw":142.5055389404297,"yaw_static":0.0}"
INS_GYRO_X                          0.100427
INS_GYRO_Y                          0.279237
INS_GYRO_Z                          0.127373
INS_PITCH                           -82.351425
INS_QUAT_W                          0.118256
INS_QUAT_X                          -0.007843
INS_QUAT_Y                          0.076782
INS_QUAT_Z                          -0.989929
INS_RAW_TEMPERATURE                 3284
INS_ROLL                            -166.395752
INS_TEMPERATURE                     -3.284
INS_YAW                             142.505539
  -- displaying all variables --










==============================================================
uXMS_374                                               0/0(61)
==============================================================
VarName              (S)  (T)  (C)  VarValue (SCOPING:[7;32mEVENTS[0m)
-------------------  ---  ---  ---  -------------------------
DB_CLIENTS                          "uXMS_374,iSerialWitMotion,"
DB_EVENT                            "connected=uXMS_374"
DB_QOS                              "iSerialWitMotion=0.348091:0.716925:0.18692:0.338411,uXMS_374=1.23906:1.23906:0.101089:0.480795,"
DB_TIME                             1787021588.993512
DB_UPTIME                           14.151241
INS_ACCEL_X                         -0.002414
INS_ACCEL_Y                         -0.153794
INS_ACCEL_Z                         0.987394
INS_DATA                            "{"accelerationX":-0.002414089161902666,"accelerationY":-0.1537940353155136,"accelerationZ":0.9873942136764526,"angular_velocity_x":0.12471240013837814,"angular_velocity_y":0.37451115250587463,"angular_velocity_z":0.13876840472221375,"magnetic_field_x_uT":-8.612899780273438,"magnetic_field_y_uT":-37.1180305480957,"magnetic_field_z_uT":6.955084323883057,"pitch":-0.1509999930858612,"pitch_madgwick":-81.89867401123047,"quaternion_q0":0.11822509765625,"quaternion_q1":-0.00836181640625,"quaternion_q2":0.07672119140625,"quaternion_q3":-0.98992919921875,"raw_temperature":3317.0,"roll":-9.541999816894531,"roll_madgwick":-48.00679016113281,"status":"Calibrating","temperature":-3.316999912261963,"yaw":-166.38499450683594,"yaw_madgwick":29.036561965942383,"yaw_madgwick_mean":106.08233035001031,"yaw_madgwick_raw":29.036561965942383,"yaw_static":0.0}"
INS_GYRO_X                          0.124712
INS_GYRO_Y                          0.374511
INS_GYRO_Z                          0.138768
INS_PITCH                           -81.898674
INS_QUAT_W                          0.118225
INS_QUAT_X                          -0.008362
INS_QUAT_Y                          0.076721
INS_QUAT_Z                          -0.989929
INS_RAW_TEMPERATURE                 3317
INS_ROLL                            -48.00679
INS_TEMPERATURE                     -3.317
INS_YAW                             29.036562
  -- displaying all variables --










==============================================================
uXMS_374                                               0/0(64)
==============================================================
VarName              (S)  (T)  (C)  VarValue (SCOPING:[7;32mEVENTS[0m)
-------------------  ---  ---  ---  -------------------------
DB_CLIENTS                          "uXMS_374,iSerialWitMotion,"
DB_EVENT                            "connected=uXMS_374"
DB_QOS                              "iSerialWitMotion=0.348091:0.716925:0.18692:0.338411,uXMS_374=1.23906:1.23906:0.101089:0.480795,"
DB_TIME                             1787021588.993512
DB_UPTIME                           14.151241
INS_ACCEL_X                         -0.002436
INS_ACCEL_Y                         -0.153639
INS_ACCEL_Z                         0.987361
INS_DATA                            "{"accelerationX":-0.002435749163851142,"accelerationY":-0.1536390334367752,"accelerationZ":0.9873606562614441,"angular_velocity_x":0.1226174458861351,"angular_velocity_y":0.3497089445590973,"angular_velocity_z":0.13661721348762512,"magnetic_field_x_uT":-8.611129760742188,"magnetic_field_y_uT":-37.12782287597656,"magnetic_field_z_uT":6.957272529602051,"pitch":-0.3799999952316284,"pitch_madgwick":-71.69918060302734,"quaternion_q0":0.118072509765625,"quaternion_q1":-0.01025390625,"quaternion_q2":0.076446533203125,"quaternion_q3":-0.989959716796875,"raw_temperature":3295.0,"roll":-9.534000396728516,"roll_madgwick":-29.167192459106445,"status":"Calibrating","temperature":-3.2950000762939453,"yaw":-166.3820037841797,"yaw_madgwick":13.039947986602783,"yaw_madgwick_mean":30.48522635831128,"yaw_madgwick_raw":13.039947986602783,"yaw_static":0.0}"
INS_GYRO_X                          0.122617
INS_GYRO_Y                          0.349709
INS_GYRO_Z                          0.136617
INS_PITCH                           -71.699181
INS_QUAT_W                          0.118073
INS_QUAT_X                          -0.010254
INS_QUAT_Y                          0.076447
INS_QUAT_Z                          -0.98996
INS_RAW_TEMPERATURE                 3295
INS_ROLL                            -29.167192
INS_TEMPERATURE                     -3.295
INS_YAW                             13.039948
  -- displaying all variables --










==============================================================
uXMS_374                                               0/0(67)
==============================================================
VarName              (S)  (T)  (C)  VarValue (SCOPING:[7;32mEVENTS[0m)
-------------------  ---  ---  ---  -------------------------
DB_CLIENTS                          "uXMS_374,iSerialWitMotion,"
DB_EVENT                            "connected=uXMS_374"
DB_QOS                              "iSerialWitMotion=0.348091:0.716925:0.18692:0.338411,uXMS_374=1.23906:1.23906:0.101089:0.480795,"
DB_TIME                             1787021588.993512
DB_UPTIME                           14.151241
INS_ACCEL_X                         -0.002441
INS_ACCEL_Y                         -0.153649
INS_ACCEL_Z                         0.987409
INS_DATA                            "{"accelerationX":-0.002440551295876503,"accelerationY":-0.15364927053451538,"accelerationZ":0.9874094128608704,"angular_velocity_x":0.11574260890483856,"angular_velocity_y":0.3497871160507202,"angular_velocity_z":0.1471683382987976,"magnetic_field_x_uT":-8.617630958557129,"magnetic_field_y_uT":-37.13373565673828,"magnetic_field_z_uT":6.960005283355713,"pitch":-0.5070000290870667,"pitch_madgwick":-58.984214782714844,"quaternion_q0":0.1180419921875,"quaternion_q1":-0.01129150390625,"quaternion_q2":0.076324462890625,"quaternion_q3":-0.989959716796875,"raw_temperature":3295.0,"roll":-9.53600025177002,"roll_madgwick":-23.312271118164063,"status":"Calibrating","temperature":-3.2950000762939453,"yaw":-166.3800048828125,"yaw_madgwick":10.306083679199219,"yaw_madgwick_mean":13.332716756704018,"yaw_madgwick_raw":10.306083679199219,"yaw_static":0.0}"
INS_GYRO_X                          0.115743
INS_GYRO_Y                          0.349787
INS_GYRO_Z                          0.147168
INS_PITCH                           -58.984215
INS_QUAT_W                          0.118042
INS_QUAT_X                          -0.011292
INS_QUAT_Y                          0.076324
INS_QUAT_Z                          -0.98996
INS_RAW_TEMPERATURE                 3295
INS_ROLL                            -23.312271
INS_TEMPERATURE                     -3.295
INS_YAW                             10.306084
  -- displaying all variables --










==============================================================
uXMS_374                                               0/0(70)
==============================================================
VarName              (S)  (T)  (C)  VarValue (SCOPING:[7;32mEVENTS[0m)
-------------------  ---  ---  ---  -------------------------
DB_CLIENTS                          "uXMS_374,iSerialWitMotion,"
DB_EVENT                            "connected=uXMS_374"
DB_QOS                              "iSerialWitMotion=0.452042:0.716925:0.18692:0.359201,uXMS_374=0.373125:1.23906:0.101089:0.307608,"
DB_TIME                             1787021591.031436
DB_UPTIME                           16.189164
INS_ACCEL_X                         -0.002441
INS_ACCEL_Y                         -0.153397
INS_ACCEL_Z                         0.987399
INS_DATA                            "{"accelerationX":-0.002441277028992772,"accelerationY":-0.1533973515033722,"accelerationZ":0.9873991012573242,"angular_velocity_x":0.10029628127813339,"angular_velocity_y":0.30550795793533325,"angular_velocity_z":0.1547745019197464,"magnetic_field_x_uT":-8.63904857635498,"magnetic_field_y_uT":-37.1355094909668,"magnetic_field_z_uT":6.953725337982178,"pitch":-0.5839999914169312,"pitch_madgwick":-47.45821762084961,"quaternion_q0":0.118072509765625,"quaternion_q1":-0.011932373046875,"quaternion_q2":0.07623291015625,"quaternion_q3":-0.989959716796875,"raw_temperature":3295.0,"roll":-9.53600025177002,"roll_madgwick":-21.54157257080078,"status":"Calibrating","temperature":-3.2950000762939453,"yaw":-166.37100219726563,"yaw_madgwick":11.767576217651367,"yaw_madgwick_mean":11.77223356756852,"yaw_madgwick_raw":11.767576217651367,"yaw_static":0.0}"
INS_GYRO_X                          0.100296
INS_GYRO_Y                          0.305508
INS_GYRO_Z                          0.154775
INS_PITCH                           -47.458218
INS_QUAT_W                          0.118073
INS_QUAT_X                          -0.011932
INS_QUAT_Y                          0.076233
INS_QUAT_Z                          -0.98996
INS_RAW_TEMPERATURE                 3295
INS_ROLL                            -21.541573
INS_TEMPERATURE                     -3.295
INS_YAW                             11.767576
  -- displaying all variables --










==============================================================
uXMS_374                                               0/0(73)
==============================================================
VarName              (S)  (T)  (C)  VarValue (SCOPING:[7;32mEVENTS[0m)
-------------------  ---  ---  ---  -------------------------
DB_CLIENTS                          "uXMS_374,iSerialWitMotion,"
DB_EVENT                            "connected=uXMS_374"
DB_QOS                              "iSerialWitMotion=0.452042:0.716925:0.18692:0.359201,uXMS_374=0.373125:1.23906:0.101089:0.307608,"
DB_TIME                             1787021591.031436
DB_UPTIME                           16.189164
INS_ACCEL_X                         -0.002512
INS_ACCEL_Y                         -0.153519
INS_ACCEL_Z                         0.987494
INS_DATA                            "{"accelerationX":-0.002511645434424281,"accelerationY":-0.15351946651935577,"accelerationZ":0.9874935746192932,"angular_velocity_x":0.1175612211227417,"angular_velocity_y":0.3093492090702057,"angular_velocity_z":0.1549934595823288,"magnetic_field_x_uT":-8.615629196166992,"magnetic_field_y_uT":-37.14262008666992,"magnetic_field_z_uT":6.944972515106201,"pitch":-0.6169999837875366,"pitch_madgwick":-35.42551803588867,"quaternion_q0":0.11798095703125,"quaternion_q1":-0.01220703125,"quaternion_q2":0.07623291015625,"quaternion_q3":-0.989959716796875,"raw_temperature":3295.0,"roll":-9.536999702453613,"roll_madgwick":-18.37346649169922,"status":"Calibrating","temperature":-3.2950000762939453,"yaw":-166.3780059814453,"yaw_madgwick":12.114562034606934,"yaw_madgwick_mean":11.647964255173429,"yaw_madgwick_raw":12.114562034606934,"yaw_static":0.0}"
INS_GYRO_X                          0.117561
INS_GYRO_Y                          0.309349
INS_GYRO_Z                          0.154993
INS_PITCH                           -35.425518
INS_QUAT_W                          0.117981
INS_QUAT_X                          -0.012207
INS_QUAT_Y                          0.076233
INS_QUAT_Z                          -0.98996
INS_RAW_TEMPERATURE                 3295
INS_ROLL                            -18.373466
INS_TEMPERATURE                     -3.295
INS_YAW                             12.114562
  -- displaying all variables --










==============================================================
uXMS_374                                               0/0(76)
==============================================================
VarName              (S)  (T)  (C)  VarValue (SCOPING:[7;32mEVENTS[0m)
-------------------  ---  ---  ---  -------------------------
DB_CLIENTS                          "uXMS_374,iSerialWitMotion,"
DB_EVENT                            "connected=uXMS_374"
DB_QOS                              "iSerialWitMotion=0.452042:0.716925:0.18692:0.359201,uXMS_374=0.373125:1.23906:0.101089:0.307608,"
DB_TIME                             1787021591.031436
DB_UPTIME                           16.189164
INS_ACCEL_X                         -0.002452
INS_ACCEL_Y                         -0.153579
INS_ACCEL_Z                         0.987333
INS_DATA                            "{"accelerationX":-0.002452022163197398,"accelerationY":-0.15357859432697296,"accelerationZ":0.9873332381248474,"angular_velocity_x":0.11497841030359268,"angular_velocity_y":0.31221693754196167,"angular_velocity_z":0.1535843461751938,"magnetic_field_x_uT":-8.59772777557373,"magnetic_field_y_uT":-37.144439697265625,"magnetic_field_z_uT":6.939795970916748,"pitch":-0.6380000114440918,"pitch_madgwick":-23.43131446838379,"quaternion_q0":0.117950439453125,"quaternion_q1":-0.01239013671875,"quaternion_q2":0.076202392578125,"quaternion_q3":-0.989959716796875,"raw_temperature":3284.0,"roll":-9.538999557495117,"roll_madgwick":-15.951285362243652,"status":"Calibrating","temperature":-3.2839999198913574,"yaw":-166.37899780273438,"yaw_madgwick":15.720392227172852,"yaw_madgwick_mean":14.080324265641122,"yaw_madgwick_raw":15.720392227172852,"yaw_static":0.0}"
INS_GYRO_X                          0.114978
INS_GYRO_Y                          0.312217
INS_GYRO_Z                          0.153584
INS_PITCH                           -23.431314
INS_QUAT_W                          0.11795
INS_QUAT_X                          -0.01239
INS_QUAT_Y                          0.076202
INS_QUAT_Z                          -0.98996
INS_RAW_TEMPERATURE                 3284
INS_ROLL                            -15.951285
INS_TEMPERATURE                     -3.284
INS_YAW                             15.720392
  -- displaying all variables --










==============================================================
uXMS_374                                               0/0(79)
==============================================================
VarName              (S)  (T)  (C)  VarValue (SCOPING:[7;32mEVENTS[0m)
-------------------  ---  ---  ---  -------------------------
DB_CLIENTS                          "uXMS_374,iSerialWitMotion,"
DB_EVENT                            "connected=uXMS_374"
DB_QOS                              "iSerialWitMotion=0.59104:0.716925:0.18692:0.387001,uXMS_374=0.437975:1.23906:0.101089:0.320578,"
DB_TIME                             1787021593.045862
DB_UPTIME                           18.20359
INS_ACCEL_X                         -0.002443
INS_ACCEL_Y                         -0.153411
INS_ACCEL_Z                         0.987336
INS_DATA                            "{"accelerationX":-0.002443010685965419,"accelerationY":-0.1534106284379959,"accelerationZ":0.9873363375663757,"angular_velocity_x":0.10109477490186691,"angular_velocity_y":0.3214336037635803,"angular_velocity_z":0.12683333456516266,"magnetic_field_x_uT":-8.613383293151855,"magnetic_field_y_uT":-37.139190673828125,"magnetic_field_z_uT":6.940670013427734,"pitch":-0.652999997138977,"pitch_madgwick":-8.469075202941895,"quaternion_q0":0.117889404296875,"quaternion_q1":-0.01251220703125,"quaternion_q2":0.076202392578125,"quaternion_q3":-0.989959716796875,"raw_temperature":3284.0,"roll":-9.536999702453613,"roll_madgwick":-13.239603042602539,"status":"Calibrating","temperature":-3.2839999198913574,"yaw":-166.38299560546875,"yaw_madgwick":19.744908809661865,"yaw_madgwick_mean":17.71577534782654,"yaw_madgwick_raw":19.744908809661865,"yaw_static":0.0}"
INS_GYRO_X                          0.101095
INS_GYRO_Y                          0.321434
INS_GYRO_Z                          0.126833
INS_PITCH                           -8.469075
INS_QUAT_W                          0.117889
INS_QUAT_X                          -0.012512
INS_QUAT_Y                          0.076202
INS_QUAT_Z                          -0.98996
INS_RAW_TEMPERATURE                 3284
INS_ROLL                            -13.239603
INS_TEMPERATURE                     -3.284
INS_YAW                             19.744909
  -- displaying all variables --










==============================================================
uXMS_374                                               0/0(82)
==============================================================
VarName              (S)  (T)  (C)  VarValue (SCOPING:[7;32mEVENTS[0m)
-------------------  ---  ---  ---  -------------------------
DB_CLIENTS                          "uXMS_374,iSerialWitMotion,"
DB_EVENT                            "connected=uXMS_374"
DB_QOS                              "iSerialWitMotion=0.59104:0.716925:0.18692:0.387001,uXMS_374=0.437975:1.23906:0.101089:0.320578,"
DB_TIME                             1787021593.045862
DB_UPTIME                           18.20359
INS_ACCEL_X                         -0.002442
INS_ACCEL_Y                         -0.153458
INS_ACCEL_Z                         0.987361
INS_DATA                            "{"accelerationX":-0.0024416488595306873,"accelerationY":-0.15345755219459534,"accelerationZ":0.9873607754707336,"angular_velocity_x":0.11890006065368652,"angular_velocity_y":0.3140433728694916,"angular_velocity_z":0.12279018759727478,"magnetic_field_x_uT":-8.61333179473877,"magnetic_field_y_uT":-37.14857482910156,"magnetic_field_z_uT":6.948930740356445,"pitch":-0.6629999876022339,"pitch_madgwick":4.147928237915039,"quaternion_q0":0.117889404296875,"quaternion_q1":-0.0125732421875,"quaternion_q2":0.076141357421875,"quaternion_q3":-0.989959716796875,"raw_temperature":3317.0,"roll":-9.53499984741211,"roll_madgwick":-8.993467330932617,"status":"Calibrating","temperature":-3.316999912261963,"yaw":-166.38299560546875,"yaw_madgwick":25.845202922821045,"yaw_madgwick_mean":22.319046829496227,"yaw_madgwick_raw":25.845202922821045,"yaw_static":0.0}"
INS_GYRO_X                          0.1189
INS_GYRO_Y                          0.314043
INS_GYRO_Z                          0.12279
INS_PITCH                           4.147928
INS_QUAT_W                          0.117889
INS_QUAT_X                          -0.012573
INS_QUAT_Y                          0.076141
INS_QUAT_Z                          -0.98996
INS_RAW_TEMPERATURE                 3317
INS_ROLL                            -8.993467
INS_TEMPERATURE                     -3.317
INS_YAW                             25.845203
  -- displaying all variables --










==============================================================
uXMS_374                                               0/0(85)
==============================================================
VarName              (S)  (T)  (C)  VarValue (SCOPING:[7;32mEVENTS[0m)
-------------------  ---  ---  ---  -------------------------
DB_CLIENTS                          "uXMS_374,iSerialWitMotion,"
DB_EVENT                            "connected=uXMS_374"
DB_QOS                              "iSerialWitMotion=0.59104:0.716925:0.18692:0.387001,uXMS_374=0.437975:1.23906:0.101089:0.320578,"
DB_TIME                             1787021593.045862
DB_UPTIME                           18.20359
INS_ACCEL_X                         -0.002441
INS_ACCEL_Y                         -0.153419
INS_ACCEL_Z                         0.987354
INS_DATA                            "{"accelerationX":-0.0024414565414190292,"accelerationY":-0.15341900289058685,"accelerationZ":0.9873537421226501,"angular_velocity_x":0.12141379714012146,"angular_velocity_y":0.3235011398792267,"angular_velocity_z":0.12221938371658325,"magnetic_field_x_uT":-8.6105318069458,"magnetic_field_y_uT":-37.14775085449219,"magnetic_field_z_uT":6.947673320770264,"pitch":-0.6639999747276306,"pitch_madgwick":12.222783088684082,"quaternion_q0":0.11785888671875,"quaternion_q1":-0.012603759765625,"quaternion_q2":0.076141357421875,"quaternion_q3":-0.989990234375,"raw_temperature":3284.0,"roll":-9.534000396728516,"roll_madgwick":-4.86764669418335,"status":"Calibrating","temperature":-3.2839999198913574,"yaw":-166.38800048828125,"yaw_madgwick":23.217365980148315,"yaw_madgwick_mean":23.939569564257905,"yaw_madgwick_raw":23.217365980148315,"yaw_static":0.0}"
INS_GYRO_X                          0.121414
INS_GYRO_Y                          0.323501
INS_GYRO_Z                          0.122219
INS_PITCH                           12.222783
INS_QUAT_W                          0.117859
INS_QUAT_X                          -0.012604
INS_QUAT_Y                          0.076141
INS_QUAT_Z                          -0.98999
INS_RAW_TEMPERATURE                 3284
INS_ROLL                            -4.867647
INS_TEMPERATURE                     -3.284
INS_YAW                             23.217366
  -- displaying all variables --










==============================================================
uXMS_374                                               0/0(88)
==============================================================
VarName              (S)  (T)  (C)  VarValue (SCOPING:[7;32mEVENTS[0m)
-------------------  ---  ---  ---  -------------------------
DB_CLIENTS                          "uXMS_374,iSerialWitMotion,"
DB_EVENT                            "connected=uXMS_374"
DB_QOS                              "iSerialWitMotion=0.397921:0.716925:0.18692:0.348377,uXMS_374=0.29397:1.23906:0.101089:0.291777,"
DB_TIME                             1787021595.062872
DB_UPTIME                           20.220601
INS_ACCEL_X                         -0.002441
INS_ACCEL_Y                         -0.153518
INS_ACCEL_Z                         0.987382
INS_DATA                            "{"accelerationX":-0.0024414139334112406,"accelerationY":-0.1535184234380722,"accelerationZ":0.9873823523521423,"angular_velocity_x":0.10977320373058319,"angular_velocity_y":0.31672871112823486,"angular_velocity_z":0.12550747394561768,"magnetic_field_x_uT":-8.608325958251953,"magnetic_field_y_uT":-37.143402099609375,"magnetic_field_z_uT":6.9576945304870605,"pitch":-0.49000000953674316,"pitch_madgwick":25.07505989074707,"quaternion_q0":0.11767578125,"quaternion_q1":-0.010894775390625,"quaternion_q2":0.076385498046875,"quaternion_q3":-0.989990234375,"raw_temperature":3284.0,"roll":-9.53600025177002,"roll_madgwick":0.9216676354408264,"status":"Calibrating","temperature":-3.2839999198913574,"yaw":-166.4199981689453,"yaw_madgwick":29.605725288391113,"yaw_madgwick_mean":27.43757167266567,"yaw_madgwick_raw":29.605725288391113,"yaw_static":0.0}"
INS_GYRO_X                          0.109773
INS_GYRO_Y                          0.316729
INS_GYRO_Z                          0.125507
INS_PITCH                           25.07506
INS_QUAT_W                          0.117676
INS_QUAT_X                          -0.010895
INS_QUAT_Y                          0.076385
INS_QUAT_Z                          -0.98999
INS_RAW_TEMPERATURE                 3284
INS_ROLL                            0.921668
INS_TEMPERATURE                     -3.284
INS_YAW                             29.605725
  -- displaying all variables --










==============================================================
uXMS_374                                               0/0(91)
==============================================================
VarName              (S)  (T)  (C)  VarValue (SCOPING:[7;32mEVENTS[0m)
-------------------  ---  ---  ---  -------------------------
DB_CLIENTS                          "uXMS_374,iSerialWitMotion,"
DB_EVENT                            "connected=uXMS_374"
DB_QOS                              "iSerialWitMotion=0.397921:0.716925:0.18692:0.348377,uXMS_374=0.29397:1.23906:0.101089:0.291777,"
DB_TIME                             1787021595.062872
DB_UPTIME                           20.220601
INS_ACCEL_X                         -0.002441
INS_ACCEL_Y                         -0.153482
INS_ACCEL_Z                         0.987354
INS_DATA                            "{"accelerationX":-0.0024414074141532183,"accelerationY":-0.15348216891288757,"accelerationZ":0.9873538613319397,"angular_velocity_x":0.1167970821261406,"angular_velocity_y":0.3356087803840637,"angular_velocity_z":0.12258979678153992,"magnetic_field_x_uT":-8.598976135253906,"magnetic_field_y_uT":-37.15379333496094,"magnetic_field_z_uT":6.940561771392822,"pitch":-0.3100000023841858,"pitch_madgwick":32.836002349853516,"quaternion_q0":0.1175537109375,"quaternion_q1":-0.0093994140625,"quaternion_q2":0.076568603515625,"quaternion_q3":-0.990020751953125,"raw_temperature":3306.0,"roll":-9.53600025177002,"roll_madgwick":4.107810020446777,"status":"Calibrating","temperature":-3.305999994277954,"yaw":-166.4499969482422,"yaw_madgwick":38.30107879638672,"yaw_madgwick_mean":33.44335460861436,"yaw_madgwick_raw":38.30107879638672,"yaw_static":0.0}"
INS_GYRO_X                          0.116797
INS_GYRO_Y                          0.335609
INS_GYRO_Z                          0.12259
INS_PITCH                           32.836002
INS_QUAT_W                          0.117554
INS_QUAT_X                          -0.009399
INS_QUAT_Y                          0.076569
INS_QUAT_Z                          -0.990021
INS_RAW_TEMPERATURE                 3306
INS_ROLL                            4.10781
INS_TEMPERATURE                     -3.306
INS_YAW                             38.301079
  -- displaying all variables --










==============================================================
uXMS_374                                               0/0(94)
==============================================================
VarName              (S)  (T)  (C)  VarValue (SCOPING:[7;32mEVENTS[0m)
-------------------  ---  ---  ---  -------------------------
DB_CLIENTS                          "uXMS_374,iSerialWitMotion,"
DB_EVENT                            "connected=uXMS_374"
DB_QOS                              "iSerialWitMotion=0.397921:0.716925:0.18692:0.348377,uXMS_374=0.29397:1.23906:0.101089:0.291777,"
DB_TIME                             1787021595.062872
DB_UPTIME                           20.220601
INS_ACCEL_X                         -0.002441
INS_ACCEL_Y                         -0.153345
INS_ACCEL_Z                         0.98742
INS_DATA                            "{"accelerationX":-0.0024414064828306437,"accelerationY":-0.1533447802066803,"accelerationZ":0.9874197840690613,"angular_velocity_x":0.11486291885375977,"angular_velocity_y":0.3262644410133362,"angular_velocity_z":0.12855921685695648,"magnetic_field_x_uT":-8.610466003417969,"magnetic_field_y_uT":-37.14523696899414,"magnetic_field_z_uT":6.9502129554748535,"pitch":-0.21699999272823334,"pitch_madgwick":45.35379409790039,"quaternion_q0":0.117523193359375,"quaternion_q1":-0.008636474609375,"quaternion_q2":0.076629638671875,"quaternion_q3":-0.990020751953125,"raw_temperature":3295.0,"roll":-9.53600025177002,"roll_madgwick":15.505904197692871,"status":"Calibrating","temperature":-3.2950000762939453,"yaw":-166.46200561523438,"yaw_madgwick":47.73817825317383,"yaw_madgwick_mean":42.502758091016055,"yaw_madgwick_raw":47.73817825317383,"yaw_static":0.0}"
INS_GYRO_X                          0.114863
INS_GYRO_Y                          0.326264
INS_GYRO_Z                          0.128559
INS_PITCH                           45.353794
INS_QUAT_W                          0.117523
INS_QUAT_X                          -0.008636
INS_QUAT_Y                          0.07663
INS_QUAT_Z                          -0.990021
INS_RAW_TEMPERATURE                 3295
INS_ROLL                            15.505904
INS_TEMPERATURE                     -3.295
INS_YAW                             47.738178
  -- displaying all variables --










==============================================================
uXMS_374                                               0/0(97)
==============================================================
VarName              (S)  (T)  (C)  VarValue (SCOPING:[7;32mEVENTS[0m)
-------------------  ---  ---  ---  -------------------------
DB_CLIENTS                          "uXMS_374,iSerialWitMotion,"
DB_EVENT                            "connected=uXMS_374"
DB_QOS                              "iSerialWitMotion=0.397921:0.716925:0.18692:0.348377,uXMS_374=0.29397:1.23906:0.101089:0.291777,"
DB_TIME                             1787021595.062872
DB_UPTIME                           20.220601
INS_ACCEL_X                         -0.002441
INS_ACCEL_Y                         -0.153456
INS_ACCEL_Z                         0.987322
INS_DATA                            "{"accelerationX":-0.00244140625,"accelerationY":-0.1534559279680252,"accelerationZ":0.9873220920562744,"angular_velocity_x":0.12439561635255814,"angular_velocity_y":0.31945210695266724,"angular_velocity_z":0.14317867159843445,"magnetic_field_x_uT":-8.607117652893066,"magnetic_field_y_uT":-37.15498733520508,"magnetic_field_z_uT":6.9608564376831055,"pitch":-0.16599999368190765,"pitch_madgwick":51.696353912353516,"quaternion_q0":0.117431640625,"quaternion_q1":-0.008209228515625,"quaternion_q2":0.076690673828125,"quaternion_q3":-0.990020751953125,"raw_temperature":3306.0,"roll":-9.536999702453613,"roll_madgwick":27.78095245361328,"status":"Calibrating","temperature":-3.305999994277954,"yaw":-166.4770050048828,"yaw_madgwick":58.82941436767578,"yaw_madgwick_mean":52.31681528475678,"yaw_madgwick_raw":58.82941436767578,"yaw_static":0.0}"
INS_GYRO_X                          0.124396
INS_GYRO_Y                          0.319452
INS_GYRO_Z                          0.143179
INS_PITCH                           51.696354
INS_QUAT_W                          0.117432
INS_QUAT_X                          -0.008209
INS_QUAT_Y                          0.076691
INS_QUAT_Z                          -0.990021
INS_RAW_TEMPERATURE                 3306
INS_ROLL                            27.780952
INS_TEMPERATURE                     -3.306
INS_YAW                             58.829414
  -- displaying all variables --










==============================================================
uXMS_374                                              0/0(100)
==============================================================
VarName              (S)  (T)  (C)  VarValue (SCOPING:[7;32mEVENTS[0m)
-------------------  ---  ---  ---  -------------------------
DB_CLIENTS                          "uXMS_374,iSerialWitMotion,"
DB_EVENT                            "connected=uXMS_374"
DB_QOS                              "iSerialWitMotion=0.531912:0.716925:0.18692:0.375175,uXMS_374=0.296116:1.23906:0.101089:0.292206,"
DB_TIME                             1787021597.100541
DB_UPTIME                           22.258268
INS_ACCEL_X                         -0.002441
INS_ACCEL_Y                         -0.15351
INS_ACCEL_Z                         0.987404
INS_DATA                            "{"accelerationX":-0.00244140625,"accelerationY":-0.15351015329360962,"accelerationZ":0.9874035716056824,"angular_velocity_x":0.0991348922252655,"angular_velocity_y":0.3117881119251251,"angular_velocity_z":0.11322621256113052,"magnetic_field_x_uT":-8.602200508117676,"magnetic_field_y_uT":-37.147891998291016,"magnetic_field_z_uT":6.9554667472839355,"pitch":-0.1379999965429306,"pitch_madgwick":57.04432678222656,"quaternion_q0":0.11737060546875,"quaternion_q1":-0.007965087890625,"quaternion_q2":0.07672119140625,"quaternion_q3":-0.99005126953125,"raw_temperature":3306.0,"roll":-9.53600025177002,"roll_madgwick":41.00857925415039,"status":"Calibrating","temperature":-3.305999994277954,"yaw":-166.48500061035156,"yaw_madgwick":74.0763053894043,"yaw_madgwick_mean":64.020072319636,"yaw_madgwick_raw":74.0763053894043,"yaw_static":0.0}"
INS_GYRO_X                          0.099135
INS_GYRO_Y                          0.311788
INS_GYRO_Z                          0.113226
INS_PITCH                           57.044327
INS_QUAT_W                          0.117371
INS_QUAT_X                          -0.007965
INS_QUAT_Y                          0.076721
INS_QUAT_Z                          -0.990051
INS_RAW_TEMPERATURE                 3306
INS_ROLL                            41.008579
INS_TEMPERATURE                     -3.306
INS_YAW                             74.076305
  -- displaying all variables --










==============================================================
uXMS_374                                              0/0(103)
==============================================================
VarName              (S)  (T)  (C)  VarValue (SCOPING:[7;32mEVENTS[0m)
-------------------  ---  ---  ---  -------------------------
DB_CLIENTS                          "uXMS_374,iSerialWitMotion,"
DB_EVENT                            "connected=uXMS_374"
DB_QOS                              "iSerialWitMotion=0.531912:0.716925:0.18692:0.375175,uXMS_374=0.296116:1.23906:0.101089:0.292206,"
DB_TIME                             1787021597.100541
DB_UPTIME                           22.258268
INS_ACCEL_X                         -0.002441
INS_ACCEL_Y                         -0.15363
INS_ACCEL_Z                         0.987522
INS_DATA                            "{"accelerationX":-0.00244140625,"accelerationY":-0.15362977981567383,"accelerationZ":0.9875218272209167,"angular_velocity_x":0.11518920958042145,"angular_velocity_y":0.34578758478164673,"angular_velocity_z":0.1462298482656479,"magnetic_field_x_uT":-8.59495735168457,"magnetic_field_y_uT":-37.14903259277344,"magnetic_field_z_uT":6.956038475036621,"pitch":-0.24899999797344208,"pitch_madgwick":59.50797653198242,"quaternion_q0":0.11749267578125,"quaternion_q1":-0.009124755859375,"quaternion_q2":0.076568603515625,"quaternion_q3":-0.990020751953125,"raw_temperature":3284.0,"roll":-9.53499984741211,"roll_madgwick":63.739013671875,"status":"Calibrating","temperature":-3.2839999198913574,"yaw":-166.46499633789063,"yaw_madgwick":96.66807556152344,"yaw_madgwick_mean":83.30399991011912,"yaw_madgwick_raw":96.66807556152344,"yaw_static":0.0}"
INS_GYRO_X                          0.115189
INS_GYRO_Y                          0.345788
INS_GYRO_Z                          0.14623
INS_PITCH                           59.507977
INS_QUAT_W                          0.117493
INS_QUAT_X                          -0.009125
INS_QUAT_Y                          0.076569
INS_QUAT_Z                          -0.990021
INS_RAW_TEMPERATURE                 3284
INS_ROLL                            63.739014
INS_TEMPERATURE                     -3.284
INS_YAW                             96.668076
  -- displaying all variables --










==============================================================
uXMS_374                                              0/0(106)
==============================================================
VarName              (S)  (T)  (C)  VarValue (SCOPING:[7;32mEVENTS[0m)
-------------------  ---  ---  ---  -------------------------
DB_CLIENTS                          "uXMS_374,iSerialWitMotion,"
DB_EVENT                            "connected=uXMS_374"
DB_QOS                              "iSerialWitMotion=0.531912:0.716925:0.18692:0.375175,uXMS_374=0.296116:1.23906:0.101089:0.292206,"
DB_TIME                             1787021597.100541
DB_UPTIME                           22.258268
INS_ACCEL_X                         -0.002441
INS_ACCEL_Y                         -0.153463
INS_ACCEL_Z                         0.987338
INS_DATA                            "{"accelerationX":-0.00244140625,"accelerationY":-0.15346336364746094,"accelerationZ":0.9873375296592712,"angular_velocity_x":0.09679800271987915,"angular_velocity_y":0.32477566599845886,"angular_velocity_z":0.14653943479061127,"magnetic_field_x_uT":-8.604484558105469,"magnetic_field_y_uT":-37.145687103271484,"magnetic_field_z_uT":6.958736896514893,"pitch":-0.4410000145435333,"pitch_madgwick":57.45581817626953,"raw_temperature":3284.0,"roll":-9.53499984741211,"roll_madgwick":83.67851257324219,"status":"Calibrating","temperature":-3.2839999198913574,"yaw":-166.43899536132813,"yaw_madgwick":116.8488998413086,"yaw_madgwick_mean":104.48905060824193,"yaw_madgwick_raw":116.8488998413086,"yaw_static":0.0}"
INS_GYRO_X                          0.096798
INS_GYRO_Y                          0.324776
INS_GYRO_Z                          0.146539
INS_PITCH                           57.455818
INS_QUAT_W                          0.117554
INS_QUAT_X                          -0.010529
INS_QUAT_Y                          0.076416
INS_QUAT_Z                          -0.990021
INS_RAW_TEMPERATURE                 3284
INS_ROLL                            83.678513
INS_TEMPERATURE                     -3.284
INS_YAW                             116.8489
  -- displaying all variables --










==============================================================
uXMS_374                                              0/0(109)
==============================================================
VarName              (S)  (T)  (C)  VarValue (SCOPING:[7;32mEVENTS[0m)
-------------------  ---  ---  ---  -------------------------
DB_CLIENTS                          "uXMS_374,iSerialWitMotion,"
DB_EVENT                            "connected=uXMS_374"
DB_QOS                              "iSerialWitMotion=0.808001:0.808001:0.18692:0.430393,uXMS_374=0.40102:1.23906:0.101089:0.313187,"
DB_TIME                             1787021599.159308
DB_UPTIME                           24.317037
INS_ACCEL_X                         -0.002441
INS_ACCEL_Y                         -0.153491
INS_ACCEL_Z                         0.98731
INS_DATA                            "{"accelerationX":-0.00244140625,"accelerationY":-0.1534907966852188,"accelerationZ":0.9873096346855164,"angular_velocity_x":0.11184025555849075,"angular_velocity_y":0.3081381022930145,"angular_velocity_z":0.12719598412513733,"magnetic_field_x_uT":-8.603826522827148,"magnetic_field_y_uT":-37.1358528137207,"magnetic_field_z_uT":6.946358680725098,"pitch":-0.5519999861717224,"pitch_madgwick":52.32846450805664,"quaternion_q0":0.11767578125,"quaternion_q1":-0.01165771484375,"quaternion_q2":0.0762939453125,"quaternion_q3":-0.989990234375,"raw_temperature":3295.0,"roll":-9.536999702453613,"roll_madgwick":103.00631713867188,"status":"Calibrating","temperature":-3.2950000762939453,"yaw":-166.41900634765625,"yaw_madgwick":136.1016845703125,"yaw_madgwick_mean":124.74920493302913,"yaw_madgwick_raw":136.1016845703125,"yaw_static":0.0}"
INS_GYRO_X                          0.11184
INS_GYRO_Y                          0.308138
INS_GYRO_Z                          0.127196
INS_PITCH                           52.328465
INS_QUAT_W                          0.117676
INS_QUAT_X                          -0.011658
INS_QUAT_Y                          0.076294
INS_QUAT_Z                          -0.98999
INS_RAW_TEMPERATURE                 3295
INS_ROLL                            103.006317
INS_TEMPERATURE                     -3.295
INS_YAW                             136.101685
  -- displaying all variables --










==============================================================
uXMS_374                                              0/0(112)
==============================================================
VarName              (S)  (T)  (C)  VarValue (SCOPING:[7;32mEVENTS[0m)
-------------------  ---  ---  ---  -------------------------
DB_CLIENTS                          "uXMS_374,iSerialWitMotion,"
DB_EVENT                            "connected=uXMS_374"
DB_QOS                              "iSerialWitMotion=0.808001:0.808001:0.18692:0.430393,uXMS_374=0.40102:1.23906:0.101089:0.313187,"
DB_TIME                             1787021599.159308
DB_UPTIME                           24.317037
INS_ACCEL_X                         -0.002441
INS_ACCEL_Y                         -0.153444
INS_ACCEL_Z                         0.987306
INS_DATA                            "{"accelerationX":-0.00244140625,"accelerationY":-0.1534443348646164,"accelerationZ":0.9873057007789612,"angular_velocity_x":0.08033939450979233,"angular_velocity_y":0.34309589862823486,"angular_velocity_z":0.12781034409999847,"magnetic_field_x_uT":-8.60612678527832,"magnetic_field_y_uT":-37.141746520996094,"magnetic_field_z_uT":6.954622745513916,"pitch":-0.6000000238418579,"pitch_madgwick":45.240013122558594,"quaternion_q0":0.117706298828125,"quaternion_q1":-0.012054443359375,"quaternion_q2":0.07623291015625,"quaternion_q3":-0.989990234375,"raw_temperature":3284.0,"roll":-9.536999702453613,"roll_madgwick":115.29695129394531,"status":"Calibrating","temperature":-3.2839999198913574,"yaw":-166.41200256347656,"yaw_madgwick":148.5894012451172,"yaw_madgwick_mean":139.11322735086185,"yaw_madgwick_raw":148.5894012451172,"yaw_static":0.0}"
INS_GYRO_X                          0.080339
INS_GYRO_Y                          0.343096
INS_GYRO_Z                          0.12781
INS_PITCH                           45.240013
INS_QUAT_W                          0.117706
INS_QUAT_X                          -0.012054
INS_QUAT_Y                          0.076233
INS_QUAT_Z                          -0.98999
INS_RAW_TEMPERATURE                 3284
INS_ROLL                            115.296951
INS_TEMPERATURE                     -3.284
INS_YAW                             148.589401
  -- displaying all variables --










==============================================================
uXMS_374                                              0/0(115)
==============================================================
VarName              (S)  (T)  (C)  VarValue (SCOPING:[7;32mEVENTS[0m)
-------------------  ---  ---  ---  -------------------------
DB_CLIENTS                          "uXMS_374,iSerialWitMotion,"
DB_EVENT                            "connected=uXMS_374"
DB_QOS                              "iSerialWitMotion=0.808001:0.808001:0.18692:0.430393,uXMS_374=0.40102:1.23906:0.101089:0.313187,"
DB_TIME                             1787021599.159308
DB_UPTIME                           24.317037
INS_ACCEL_X                         -0.002441
INS_ACCEL_Y                         -0.153567
INS_ACCEL_Z                         0.987474
INS_DATA                            "{"accelerationX":-0.00244140625,"accelerationY":-0.15356723964214325,"accelerationZ":0.9874742031097412,"angular_velocity_x":0.09731828421354294,"angular_velocity_y":0.3261006474494934,"angular_velocity_z":0.1263524889945984,"magnetic_field_x_uT":-8.611065864562988,"magnetic_field_y_uT":-37.13605880737305,"magnetic_field_z_uT":6.946990013122559,"pitch":-0.6330000162124634,"pitch_madgwick":35.744449615478516,"quaternion_q0":0.1177978515625,"quaternion_q1":-0.0123291015625,"quaternion_q2":0.076171875,"quaternion_q3":-0.989990234375,"raw_temperature":3295.0,"roll":-9.532999992370605,"roll_madgwick":124.5550308227539,"status":"Calibrating","temperature":-3.2950000762939453,"yaw":-166.39999389648438,"yaw_madgwick":157.74417114257813,"yaw_madgwick_mean":151.6975986196929,"yaw_madgwick_raw":157.74417114257813,"yaw_static":0.0}"
INS_GYRO_X                          0.097318
INS_GYRO_Y                          0.326101
INS_GYRO_Z                          0.126352
INS_PITCH                           35.74445
INS_QUAT_W                          0.117798
INS_QUAT_X                          -0.012329
INS_QUAT_Y                          0.076172
INS_QUAT_Z                          -0.98999
INS_RAW_TEMPERATURE                 3295
INS_ROLL                            124.555031
INS_TEMPERATURE                     -3.295
INS_YAW                             157.744171
  -- displaying all variables --










==============================================================
uXMS_374                                              0/0(118)
==============================================================
VarName              (S)  (T)  (C)  VarValue (SCOPING:[7;32mEVENTS[0m)
-------------------  ---  ---  ---  -------------------------
DB_CLIENTS                          "uXMS_374,iSerialWitMotion,"
DB_EVENT                            "connected=uXMS_374"
DB_QOS                              "iSerialWitMotion=0.808001:0.808001:0.18692:0.430393,uXMS_374=0.40102:1.23906:0.101089:0.313187,"
DB_TIME                             1787021599.159308
DB_UPTIME                           24.317037
INS_ACCEL_X                         -0.002441
INS_ACCEL_Y                         -0.153395
INS_ACCEL_Z                         0.987515
INS_DATA                            "{"accelerationX":-0.00244140625,"accelerationY":-0.15339505672454834,"accelerationZ":0.9875152707099915,"angular_velocity_x":0.0971616730093956,"angular_velocity_y":0.31695812940597534,"angular_velocity_z":0.1361793428659439,"magnetic_field_x_uT":-8.596622467041016,"magnetic_field_y_uT":-37.14432144165039,"magnetic_field_z_uT":6.938133239746094,"pitch":-0.6489999890327454,"pitch_madgwick":25.512784957885742,"quaternion_q0":0.117767333984375,"quaternion_q1":-0.012451171875,"quaternion_q2":0.076141357421875,"quaternion_q3":-0.989990234375,"raw_temperature":3295.0,"roll":-9.529999732971191,"roll_madgwick":130.70248413085938,"status":"Calibrating","temperature":-3.2950000762939453,"yaw":-166.4029998779297,"yaw_madgwick":163.48440551757813,"yaw_madgwick_mean":159.3899116530871,"yaw_madgwick_raw":163.48440551757813,"yaw_static":0.0}"
INS_GYRO_X                          0.097162
INS_GYRO_Y                          0.316958
INS_GYRO_Z                          0.136179
INS_PITCH                           25.512785
INS_QUAT_W                          0.117767
INS_QUAT_X                          -0.012451
INS_QUAT_Y                          0.076141
INS_QUAT_Z                          -0.98999
INS_RAW_TEMPERATURE                 3295
INS_ROLL                            130.702484
INS_TEMPERATURE                     -3.295
INS_YAW                             163.484406
  -- displaying all variables --










==============================================================
uXMS_374                                              0/0(121)
==============================================================
VarName              (S)  (T)  (C)  VarValue (SCOPING:[7;32mEVENTS[0m)
-------------------  ---  ---  ---  -------------------------
DB_CLIENTS                          "uXMS_374,iSerialWitMotion,"
DB_EVENT                            "connected=uXMS_374"
DB_QOS                              "iSerialWitMotion=0.505924:0.808001:0.111103:0.369978,uXMS_374=0.411987:1.23906:0.101089:0.31538,"
DB_TIME                             1787021601.171678
DB_UPTIME                           26.329406
INS_ACCEL_X                         -0.002441
INS_ACCEL_Y                         -0.153501
INS_ACCEL_Z                         0.987388
INS_DATA                            "{"accelerationX":-0.00244140625,"accelerationY":-0.15350094437599182,"accelerationZ":0.9873877763748169,"angular_velocity_x":0.10380199551582336,"angular_velocity_y":0.29817330837249756,"angular_velocity_z":0.14069177210330963,"magnetic_field_x_uT":-8.60463809967041,"magnetic_field_y_uT":-37.14921188354492,"magnetic_field_z_uT":6.950835227966309,"pitch":-0.6629999876022339,"pitch_madgwick":15.00607967376709,"quaternion_q0":0.117767333984375,"quaternion_q1":-0.0125732421875,"quaternion_q2":0.076171875,"quaternion_q3":-0.989990234375,"raw_temperature":3306.0,"roll":-9.534000396728516,"roll_madgwick":135.69253540039063,"status":"Calibrating","temperature":-3.305999994277954,"yaw":-166.3990020751953,"yaw_madgwick":167.79356384277344,"yaw_madgwick_mean":165.1468393969271,"yaw_madgwick_raw":167.79356384277344,"yaw_static":0.0}"
INS_GYRO_X                          0.103802
INS_GYRO_Y                          0.298173
INS_GYRO_Z                          0.140692
INS_PITCH                           15.00608
INS_QUAT_W                          0.117767
INS_QUAT_X                          -0.012573
INS_QUAT_Y                          0.076172
INS_QUAT_Z                          -0.98999
INS_RAW_TEMPERATURE                 3306
INS_ROLL                            135.692535
INS_TEMPERATURE                     -3.306
INS_YAW                             167.793564
  -- displaying all variables --










==============================================================
uXMS_374                                              0/0(124)
==============================================================
VarName              (S)  (T)  (C)  VarValue (SCOPING:[7;32mEVENTS[0m)
-------------------  ---  ---  ---  -------------------------
DB_CLIENTS                          "uXMS_374,iSerialWitMotion,"
DB_EVENT                            "connected=uXMS_374"
DB_QOS                              "iSerialWitMotion=0.505924:0.808001:0.111103:0.369978,uXMS_374=0.411987:1.23906:0.101089:0.31538,"
DB_TIME                             1787021601.171678
DB_UPTIME                           26.329406
INS_ACCEL_X                         -0.002441
INS_ACCEL_Y                         -0.153725
INS_ACCEL_Z                         0.987388
INS_DATA                            "{"accelerationX":-0.00244140625,"accelerationY":-0.15372467041015625,"accelerationZ":0.9873875379562378,"angular_velocity_x":0.11930923163890839,"angular_velocity_y":0.31504112482070923,"angular_velocity_z":0.13350452482700348,"magnetic_field_x_uT":-8.599034309387207,"magnetic_field_y_uT":-37.14997100830078,"magnetic_field_z_uT":6.952236652374268,"pitch":-0.6679999828338623,"pitch_madgwick":4.486392498016357,"quaternion_q0":0.1177978515625,"quaternion_q1":-0.012603759765625,"quaternion_q2":0.076141357421875,"quaternion_q3":-0.989990234375,"raw_temperature":3306.0,"roll":-9.534000396728516,"roll_madgwick":140.6347198486328,"status":"Calibrating","temperature":-3.305999994277954,"yaw":-166.39300537109375,"yaw_madgwick":171.3005828857422,"yaw_madgwick_mean":169.04195967812026,"yaw_madgwick_raw":171.3005828857422,"yaw_static":0.0}"
INS_GYRO_X                          0.119309
INS_GYRO_Y                          0.315041
INS_GYRO_Z                          0.133505
INS_PITCH                           4.486392
INS_QUAT_W                          0.117798
INS_QUAT_X                          -0.012604
INS_QUAT_Y                          0.076141
INS_QUAT_Z                          -0.98999
INS_RAW_TEMPERATURE                 3306
INS_ROLL                            140.63472
INS_TEMPERATURE                     -3.306
INS_YAW                             171.300583
  -- displaying all variables --










==============================================================
uXMS_374                                              0/0(127)
==============================================================
VarName              (S)  (T)  (C)  VarValue (SCOPING:[7;32mEVENTS[0m)
-------------------  ---  ---  ---  -------------------------
DB_CLIENTS                          "uXMS_374,iSerialWitMotion,"
DB_EVENT                            "connected=uXMS_374"
DB_QOS                              "iSerialWitMotion=0.505924:0.808001:0.111103:0.369978,uXMS_374=0.411987:1.23906:0.101089:0.31538,"
DB_TIME                             1787021601.171678
DB_UPTIME                           26.329406
INS_ACCEL_X                         -0.002441
INS_ACCEL_Y                         -0.153726
INS_ACCEL_Z                         0.987528
INS_DATA                            "{"accelerationX":-0.00244140625,"accelerationY":-0.15372563898563385,"accelerationZ":0.9875277280807495,"angular_velocity_x":0.12291694432497025,"angular_velocity_y":0.3154500722885132,"angular_velocity_z":0.14028750360012054,"magnetic_field_x_uT":-8.594964027404785,"magnetic_field_y_uT":-37.14936447143555,"magnetic_field_z_uT":6.946990489959717,"pitch":-0.6610000133514404,"pitch_madgwick":-6.831923484802246,"quaternion_q0":0.117767333984375,"quaternion_q1":-0.0123291015625,"quaternion_q2":0.076202392578125,"quaternion_q3":-0.989990234375,"raw_temperature":3273.0,"roll":-9.534000396728516,"roll_madgwick":144.8317413330078,"status":"Calibrating","temperature":-3.2730000019073486,"yaw":-166.39700317382813,"yaw_madgwick":174.25527954101563,"yaw_madgwick_mean":172.55468874444963,"yaw_madgwick_raw":174.25527954101563,"yaw_static":0.0}"
INS_GYRO_X                          0.122917
INS_GYRO_Y                          0.31545
INS_GYRO_Z                          0.140288
INS_PITCH                           -6.831923
INS_QUAT_W                          0.117767
INS_QUAT_X                          -0.012329
INS_QUAT_Y                          0.076202
INS_QUAT_Z                          -0.98999
INS_RAW_TEMPERATURE                 3273
INS_ROLL                            144.831741
INS_TEMPERATURE                     -3.273
INS_YAW                             174.25528
  -- displaying all variables --










==============================================================
uXMS_374                                              0/0(130)
==============================================================
VarName              (S)  (T)  (C)  VarValue (SCOPING:[7;32mEVENTS[0m)
-------------------  ---  ---  ---  -------------------------
DB_CLIENTS                          "uXMS_374,iSerialWitMotion,"
DB_EVENT                            "connected=uXMS_374"
DB_QOS                              "iSerialWitMotion=0.397921:0.808001:0.111103:0.348377,uXMS_374=0.317097:1.23906:0.101089:0.296402,"
DB_TIME                             1787021603.187774
DB_UPTIME                           28.345501
INS_ACCEL_X                         -0.0013
INS_ACCEL_Y                         -0.081882
INS_ACCEL_Z                         0.993361
INS_DATA                            "{"accelerationX":-0.001300468691624701,"accelerationY":-0.08188248425722122,"accelerationZ":0.9933612942695618,"angular_velocity_x":0.1268768459558487,"angular_velocity_y":0.3079925775527954,"angular_velocity_z":0.12950223684310913,"magnetic_field_x_uT":-8.599408149719238,"magnetic_field_y_uT":-37.14871597290039,"magnetic_field_z_uT":6.954703330993652,"pitch":-0.4580000042915344,"pitch_madgwick":-17.335840225219727,"raw_temperature":3317.0,"roll":-9.536999702453613,"roll_madgwick":148.77474975585938,"status":"Calibrated","temperature":-3.316999912261963,"yaw":-166.43600463867188,"yaw_madgwick":176.8197784423828,"yaw_madgwick_mean":175.08350405201193,"yaw_madgwick_raw":176.8197784423828,"yaw_static":-146.38340379247126}"
INS_GYRO_X                          0.126877
INS_GYRO_Y                          0.307993
INS_GYRO_Z                          0.129502
INS_PITCH                           -17.33584
INS_QUAT_W                          0.117615
INS_QUAT_X                          -0.010834
INS_QUAT_Y                          0.076385
INS_QUAT_Z                          -0.990021
INS_RAW_TEMPERATURE                 3317
INS_ROLL                            148.77475
INS_TEMPERATURE                     -3.317
INS_YAW                             176.819778
  -- displaying all variables --










==============================================================
uXMS_374                                              0/0(133)
==============================================================
VarName              (S)  (T)  (C)  VarValue (SCOPING:[7;32mEVENTS[0m)
-------------------  ---  ---  ---  -------------------------
DB_CLIENTS                          "uXMS_374,iSerialWitMotion,"
DB_EVENT                            "connected=uXMS_374"
DB_QOS                              "iSerialWitMotion=0.397921:0.808001:0.111103:0.348377,uXMS_374=0.317097:1.23906:0.101089:0.296402,"
DB_TIME                             1787021603.187774
DB_UPTIME                           28.345501
INS_ACCEL_X                         -0.000197
INS_ACCEL_Y                         -0.01242
INS_ACCEL_Z                         0.999102
INS_DATA                            "{"accelerationX":-0.00019655286450870335,"accelerationY":-0.012419956736266613,"accelerationZ":0.9991021752357483,"angular_velocity_x":0.12279676645994186,"angular_velocity_y":0.29681825637817383,"angular_velocity_z":0.13128678500652313,"magnetic_field_x_uT":-8.614053726196289,"magnetic_field_y_uT":-37.14848709106445,"magnetic_field_z_uT":6.945929527282715,"pitch":-0.5690000057220459,"pitch_madgwick":-27.94722557067871,"quaternion_q0":0.11773681640625,"quaternion_q1":-0.011810302734375,"quaternion_q2":0.076324462890625,"quaternion_q3":-0.989990234375,"raw_temperature":3295.0,"roll":-9.541999816894531,"roll_madgwick":152.99232482910156,"status":"Calibrated","temperature":-3.2950000762939453,"yaw":-166.41099548339844,"yaw_madgwick":177.7142333984375,"yaw_madgwick_mean":177.12139939886785,"yaw_madgwick_raw":177.7142333984375,"yaw_static":-146.38340379247126}"
INS_GYRO_X                          0.122797
INS_GYRO_Y                          0.296818
INS_GYRO_Z                          0.131287
INS_PITCH                           -27.947226
INS_QUAT_W                          0.117737
INS_QUAT_X                          -0.01181
INS_QUAT_Y                          0.076324
INS_QUAT_Z                          -0.98999
INS_RAW_TEMPERATURE                 3295
INS_ROLL                            152.992325
INS_TEMPERATURE                     -3.295
INS_YAW                             177.714233
  -- displaying all variables --










==============================================================
uXMS_374                                              0/0(136)
==============================================================
VarName              (S)  (T)  (C)  VarValue (SCOPING:[7;32mEVENTS[0m)
-------------------  ---  ---  ---  -------------------------
DB_CLIENTS                          "uXMS_374,iSerialWitMotion,"
DB_EVENT                            "connected=uXMS_374"
DB_QOS                              "iSerialWitMotion=0.397921:0.808001:0.111103:0.348377,uXMS_374=0.317097:1.23906:0.101089:0.296402,"
DB_TIME                             1787021603.187774
DB_UPTIME                           28.345501
INS_ACCEL_X                         0.000068
INS_ACCEL_Y                         -0.001878
INS_ACCEL_Z                         0.999671
INS_DATA                            "{"accelerationX":6.78760334267281e-05,"accelerationY":-0.0018781875260174274,"accelerationZ":0.9996713995933533,"angular_velocity_x":0.11750151962041855,"angular_velocity_y":0.378238320350647,"angular_velocity_z":0.12346328794956207,"magnetic_field_x_uT":-8.617430686950684,"magnetic_field_y_uT":-37.15882110595703,"magnetic_field_z_uT":6.931970596313477,"pitch":-0.6669999957084656,"pitch_madgwick":-40.850040435791016,"quaternion_q0":0.11773681640625,"quaternion_q1":-0.0078125,"quaternion_q2":0.076812744140625,"quaternion_q3":-0.989990234375,"raw_temperature":3295.0,"roll":-9.543000221252441,"roll_madgwick":156.00743103027344,"status":"Calibrated","temperature":-3.2950000762939453,"yaw":-166.39500427246094,"yaw_madgwick":179.64907836914063,"yaw_madgwick_mean":178.32584201954816,"yaw_madgwick_raw":179.64907836914063,"yaw_static":-146.38340379247126}"
INS_GYRO_X                          0.117502
INS_GYRO_Y                          0.378238
INS_GYRO_Z                          0.123463
INS_PITCH                           -40.85004
INS_QUAT_W                          0.117737
INS_QUAT_X                          -0.007812
INS_QUAT_Y                          0.076813
INS_QUAT_Z                          -0.98999
INS_RAW_TEMPERATURE                 3295
INS_ROLL                            156.007431
INS_TEMPERATURE                     -3.295
INS_YAW                             179.649078
  -- displaying all variables --










==============================================================
uXMS_374                                              0/0(139)
==============================================================
VarName              (S)  (T)  (C)  VarValue (SCOPING:[7;32mEVENTS[0m)
-------------------  ---  ---  ---  -------------------------
DB_CLIENTS                          "uXMS_374,iSerialWitMotion,"
DB_EVENT                            "connected=uXMS_374"
DB_QOS                              "iSerialWitMotion=0.533104:0.808001:0.111103:0.375414,uXMS_374=0.101089:1.23906:0.101089:0.253201,"
DB_TIME                             1787021605.246188
DB_UPTIME                           30.403917
INS_ACCEL_X                         0.00001
INS_ACCEL_Y                         -0.000417
INS_ACCEL_Z                         1.000084
INS_DATA                            "{"accelerationX":1.0258784641337115e-05,"accelerationY":-0.0004168165032751858,"accelerationZ":1.0000841617584229,"angular_velocity_x":0.1160716786980629,"angular_velocity_y":0.3742600083351135,"angular_velocity_z":0.1330513060092926,"magnetic_field_x_uT":-8.594901084899902,"magnetic_field_y_uT":-37.15005111694336,"magnetic_field_z_uT":6.926552772521973,"pitch":-0.10999999940395355,"pitch_madgwick":-56.08348846435547,"quaternion_q0":0.117156982421875,"quaternion_q1":-0.0079345703125,"quaternion_q2":0.0767822265625,"quaternion_q3":-0.99005126953125,"raw_temperature":3284.0,"roll":-9.531000137329102,"roll_madgwick":158.79141235351563,"status":"Calibrated","temperature":-3.2839999198913574,"yaw":-166.51100158691406,"yaw_madgwick":182.018310546875,"yaw_madgwick_mean":180.6699424002928,"yaw_madgwick_raw":182.018310546875,"yaw_static":-146.38340379247126}"
INS_GYRO_X                          0.116072
INS_GYRO_Y                          0.37426
INS_GYRO_Z                          0.133051
INS_PITCH                           -56.083488
INS_QUAT_W                          0.117157
INS_QUAT_X                          -0.007935
INS_QUAT_Y                          0.076782
INS_QUAT_Z                          -0.990051
INS_RAW_TEMPERATURE                 3284
INS_ROLL                            158.791412
INS_TEMPERATURE                     -3.284
INS_YAW                             182.018311
  -- displaying all variables --










==============================================================
uXMS_374                                              0/0(142)
==============================================================
VarName              (S)  (T)  (C)  VarValue (SCOPING:[7;32mEVENTS[0m)
-------------------  ---  ---  ---  -------------------------
DB_CLIENTS                          "uXMS_374,iSerialWitMotion,"
DB_EVENT                            "connected=uXMS_374"
DB_QOS                              "iSerialWitMotion=0.533104:0.808001:0.111103:0.375414,uXMS_374=0.101089:1.23906:0.101089:0.253201,"
DB_TIME                             1787021605.246188
DB_UPTIME                           30.403917
INS_ACCEL_X                         0.000002
INS_ACCEL_Y                         -0.000196
INS_ACCEL_Z                         1.000049
INS_DATA                            "{"accelerationX":1.5505130477322382e-06,"accelerationY":-0.0001959448418347165,"accelerationZ":1.000049352645874,"angular_velocity_x":0.12116367369890213,"angular_velocity_y":0.33210620284080505,"angular_velocity_z":0.12840856611728668,"magnetic_field_x_uT":-8.600677490234375,"magnetic_field_y_uT":-37.14533996582031,"magnetic_field_z_uT":6.927987575531006,"pitch":-0.36500000953674316,"pitch_madgwick":-68.21688842773438,"quaternion_q0":0.117431640625,"quaternion_q1":-0.01007080078125,"quaternion_q2":0.076507568359375,"quaternion_q3":-0.990020751953125,"raw_temperature":3306.0,"roll":-9.541000366210938,"roll_madgwick":163.19915771484375,"status":"Calibrated","temperature":-3.305999994277954,"yaw":-166.46299743652344,"yaw_madgwick":182.15286254882813,"yaw_madgwick_mean":181.69459581325657,"yaw_madgwick_raw":182.15286254882813,"yaw_static":-146.38340379247126}"
INS_GYRO_X                          0.121164
INS_GYRO_Y                          0.332106
INS_GYRO_Z                          0.128409
INS_PITCH                           -68.216888
INS_QUAT_W                          0.117432
INS_QUAT_X                          -0.010071
INS_QUAT_Y                          0.076508
INS_QUAT_Z                          -0.990021
INS_RAW_TEMPERATURE                 3306
INS_ROLL                            163.199158
INS_TEMPERATURE                     -3.306
INS_YAW                             182.152863
  -- displaying all variables --










==============================================================
uXMS_374                                              0/0(145)
==============================================================
VarName              (S)  (T)  (C)  VarValue (SCOPING:[7;32mEVENTS[0m)
-------------------  ---  ---  ---  -------------------------
DB_CLIENTS                          "uXMS_374,iSerialWitMotion,"
DB_EVENT                            "connected=uXMS_374"
DB_QOS                              "iSerialWitMotion=0.533104:0.808001:0.111103:0.375414,uXMS_374=0.101089:1.23906:0.101089:0.253201,"
DB_TIME                             1787021605.246188
DB_UPTIME                           30.403917
INS_ACCEL_X                         0
INS_ACCEL_Y                         0.000173
INS_ACCEL_Z                         0.999998
INS_DATA                            "{"accelerationX":2.3434458285009896e-07,"accelerationY":0.00017331985873170197,"accelerationZ":0.9999977350234985,"angular_velocity_x":0.10348846763372421,"angular_velocity_y":0.2965216040611267,"angular_velocity_z":0.12644290924072266,"magnetic_field_x_uT":-8.595949172973633,"magnetic_field_y_uT":-37.148895263671875,"magnetic_field_z_uT":6.938993453979492,"pitch":-0.49799999594688416,"pitch_madgwick":-79.32210540771484,"quaternion_q0":0.117523193359375,"quaternion_q1":-0.011199951171875,"quaternion_q2":0.07635498046875,"quaternion_q3":-0.990020751953125,"raw_temperature":3295.0,"roll":-9.536999702453613,"roll_madgwick":175.4955596923828,"status":"Calibrated","temperature":-3.2950000762939453,"yaw":-166.43899536132813,"yaw_madgwick":174.00352478027344,"yaw_madgwick_mean":179.6029487700645,"yaw_madgwick_raw":174.00352478027344,"yaw_static":-146.38340379247126}"
INS_GYRO_X                          0.103488
INS_GYRO_Y                          0.296522
INS_GYRO_Z                          0.126443
INS_PITCH                           -79.322105
INS_QUAT_W                          0.117523
INS_QUAT_X                          -0.0112
INS_QUAT_Y                          0.076355
INS_QUAT_Z                          -0.990021
INS_RAW_TEMPERATURE                 3295
INS_ROLL                            175.49556
INS_TEMPERATURE                     -3.295
INS_YAW                             174.003525
  -- displaying all variables --










==============================================================
uXMS_374                                              0/0(148)
==============================================================
VarName              (S)  (T)  (C)  VarValue (SCOPING:[7;32mEVENTS[0m)
-------------------  ---  ---  ---  -------------------------
DB_CLIENTS                          "uXMS_374,iSerialWitMotion,"
DB_EVENT                            "connected=uXMS_374"
DB_QOS                              "iSerialWitMotion=0.533104:0.808001:0.111103:0.375414,uXMS_374=0.101089:1.23906:0.101089:0.253201,"
DB_TIME                             1787021605.246188
DB_UPTIME                           30.403917
INS_ACCEL_X                         0
INS_ACCEL_Y                         0.000203
INS_ACCEL_Z                         1.00009
INS_DATA                            "{"accelerationX":4.8529354756965404e-08,"accelerationY":0.00020259691518731415,"accelerationZ":1.0000901222229004,"angular_velocity_x":0.09740462154150009,"angular_velocity_y":0.31447261571884155,"angular_velocity_z":0.14379346370697021,"magnetic_field_x_uT":-8.60615348815918,"magnetic_field_y_uT":-37.136173248291016,"magnetic_field_z_uT":6.922712326049805,"pitch":-0.5699999928474426,"pitch_madgwick":-84.2137222290039,"quaternion_q0":0.11761474609375,"quaternion_q1":-0.01177978515625,"quaternion_q2":0.076263427734375,"quaternion_q3":-0.990020751953125,"raw_temperature":3317.0,"roll":-9.53499984741211,"roll_madgwick":-78.61054992675781,"status":"Calibrated","temperature":-3.316999912261963,"yaw":-166.42300415039063,"yaw_madgwick":72.0826530456543,"yaw_madgwick_mean":145.60321728126647,"yaw_madgwick_raw":72.0826530456543,"yaw_static":-146.38340379247126}"
INS_GYRO_X                          0.097405
INS_GYRO_Y                          0.314473
INS_GYRO_Z                          0.143793
INS_PITCH                           -84.213722
INS_QUAT_W                          0.117615
INS_QUAT_X                          -0.01178
INS_QUAT_Y                          0.076263
INS_QUAT_Z                          -0.990021
INS_RAW_TEMPERATURE                 3317
INS_ROLL                            -78.61055
INS_TEMPERATURE                     -3.317
INS_YAW                             72.082653
  -- displaying all variables --










==============================================================
uXMS_374                                              0/0(151)
==============================================================
VarName              (S)  (T)  (C)  VarValue (SCOPING:[7;32mEVENTS[0m)
-------------------  ---  ---  ---  -------------------------
DB_CLIENTS                          "uXMS_374,iSerialWitMotion,"
DB_EVENT                            "connected=uXMS_374"
DB_QOS                              "iSerialWitMotion=0.438929:0.808001:0.111103:0.356579,uXMS_374=0.380993:1.23906:0.101089:0.309181,"
DB_TIME                             1787021607.328355
DB_UPTIME                           32.486082
INS_ACCEL_X                         -0.000037
INS_ACCEL_Y                         0.000235
INS_ACCEL_Z                         0.999962
INS_DATA                            "{"accelerationX":-3.741864566109143e-05,"accelerationY":0.00023466914717573673,"accelerationZ":0.9999616742134094,"angular_velocity_x":0.10047337412834167,"angular_velocity_y":0.3071010112762451,"angular_velocity_z":0.13427463173866272,"magnetic_field_x_uT":-8.605871200561523,"magnetic_field_y_uT":-37.14271545410156,"magnetic_field_z_uT":6.937871932983398,"pitch":-0.6110000014305115,"pitch_madgwick":-77.86305236816406,"raw_temperature":3306.0,"roll":-9.534000396728516,"roll_madgwick":-36.065765380859375,"status":"Calibrated","temperature":-3.305999994277954,"yaw":-166.42300415039063,"yaw_madgwick":32.34011173248291,"yaw_madgwick_mean":62.17996241480369,"yaw_madgwick_raw":32.34011173248291,"yaw_static":-146.38340379247126}"
INS_GYRO_X                          0.100473
INS_GYRO_Y                          0.307101
INS_GYRO_Z                          0.134275
INS_PITCH                           -77.863052
INS_QUAT_W                          0.117615
INS_QUAT_X                          -0.011871
INS_QUAT_Y                          0.076233
INS_QUAT_Z                          -0.990021
INS_RAW_TEMPERATURE                 3306
INS_ROLL                            -36.065765
INS_TEMPERATURE                     -3.306
INS_YAW                             32.340112
  -- displaying all variables --










==============================================================
uXMS_374                                              0/0(154)
==============================================================
VarName              (S)  (T)  (C)  VarValue (SCOPING:[7;32mEVENTS[0m)
-------------------  ---  ---  ---  -------------------------
DB_CLIENTS                          "uXMS_374,iSerialWitMotion,"
DB_EVENT                            "connected=uXMS_374"
DB_QOS                              "iSerialWitMotion=0.438929:0.808001:0.111103:0.356579,uXMS_374=0.380993:1.23906:0.101089:0.309181,"
DB_TIME                             1787021607.328355
DB_UPTIME                           32.486082
INS_ACCEL_X                         -0.000006
INS_ACCEL_Y                         0.000193
INS_ACCEL_Z                         1.000029
INS_DATA                            "{"accelerationX":-5.655454970110441e-06,"accelerationY":0.00019341071310918778,"accelerationZ":1.000029444694519,"angular_velocity_x":0.08686807006597519,"angular_velocity_y":0.31750115752220154,"angular_velocity_z":0.1273294985294342,"magnetic_field_x_uT":-8.602001190185547,"magnetic_field_y_uT":-37.14543151855469,"magnetic_field_z_uT":6.936007022857666,"pitch":-0.6370000243186951,"pitch_madgwick":-65.21146392822266,"quaternion_q0":0.117645263671875,"quaternion_q1":-0.012359619140625,"quaternion_q2":0.076202392578125,"quaternion_q3":-0.989990234375,"raw_temperature":3295.0,"roll":-9.534000396728516,"roll_madgwick":-25.15410804748535,"status":"Calibrated","temperature":-3.2950000762939453,"yaw":-166.41600036621094,"yaw_madgwick":24.447601318359375,"yaw_madgwick_mean":32.05666366162671,"yaw_madgwick_raw":24.447601318359375,"yaw_static":-146.38340379247126}"
INS_GYRO_X                          0.086868
INS_GYRO_Y                          0.317501
INS_GYRO_Z                          0.127329
INS_PITCH                           -65.211464
INS_QUAT_W                          0.117645
INS_QUAT_X                          -0.01236
INS_QUAT_Y                          0.076202
INS_QUAT_Z                          -0.98999
INS_RAW_TEMPERATURE                 3295
INS_ROLL                            -25.154108
INS_TEMPERATURE                     -3.295
INS_YAW                             24.447601
  -- displaying all variables --










==============================================================
uXMS_374                                              0/0(157)
==============================================================
VarName              (S)  (T)  (C)  VarValue (SCOPING:[7;32mEVENTS[0m)
-------------------  ---  ---  ---  -------------------------
DB_CLIENTS                          "uXMS_374,iSerialWitMotion,"
DB_EVENT                            "connected=uXMS_374"
DB_QOS                              "iSerialWitMotion=0.438929:0.808001:0.111103:0.356579,uXMS_374=0.380993:1.23906:0.101089:0.309181,"
DB_TIME                             1787021607.328355
DB_UPTIME                           32.486082
INS_ACCEL_X                         -0.000001
INS_ACCEL_Y                         0.000179
INS_ACCEL_Z                         0.999981
INS_DATA                            "{"accelerationX":-8.54765573876648e-07,"accelerationY":0.00017885510169435292,"accelerationZ":0.9999808669090271,"angular_velocity_x":0.08142856508493423,"angular_velocity_y":0.30703863501548767,"angular_velocity_z":0.12754376232624054,"magnetic_field_x_uT":-8.595709800720215,"magnetic_field_y_uT":-37.145015716552734,"magnetic_field_z_uT":6.936075210571289,"pitch":-0.6520000100135803,"pitch_madgwick":-53.941986083984375,"raw_temperature":3317.0,"roll":-9.534000396728516,"roll_madgwick":-22.537353515625,"status":"Calibrated","temperature":-3.316999912261963,"yaw":-166.42100524902344,"yaw_madgwick":24.062987804412842,"yaw_madgwick_mean":25.96570272314793,"yaw_madgwick_raw":24.062987804412842,"yaw_static":-146.38340379247126}"
INS_GYRO_X                          0.081429
INS_GYRO_Y                          0.307039
INS_GYRO_Z                          0.127544
INS_PITCH                           -53.941986
INS_QUAT_W                          0.117615
INS_QUAT_X                          -0.012451
INS_QUAT_Y                          0.076172
INS_QUAT_Z                          -0.98999
INS_RAW_TEMPERATURE                 3317
INS_ROLL                            -22.537354
INS_TEMPERATURE                     -3.317
INS_YAW                             24.062988
  -- displaying all variables --










==============================================================
uXMS_374                                              0/0(160)
==============================================================
VarName              (S)  (T)  (C)  VarValue (SCOPING:[7;32mEVENTS[0m)
-------------------  ---  ---  ---  -------------------------
DB_CLIENTS                          "uXMS_374,iSerialWitMotion,"
DB_EVENT                            "connected=uXMS_374"
DB_QOS                              "iSerialWitMotion=0.437021:0.808001:0.111103:0.356197,uXMS_374=0.433922:1.23906:0.101089:0.319767,"
DB_TIME                             1787021609.34251
DB_UPTIME                           34.500237
INS_ACCEL_X                         0
INS_ACCEL_Y                         0.000192
INS_ACCEL_Z                         1.000065
INS_DATA                            "{"accelerationX":-2.425306888653722e-07,"accelerationY":0.00019202988187316805,"accelerationZ":1.0000646114349365,"angular_velocity_x":0.0940496176481247,"angular_velocity_y":0.32219335436820984,"angular_velocity_z":0.15214677155017853,"magnetic_field_x_uT":-8.598166465759277,"magnetic_field_y_uT":-37.1514778137207,"magnetic_field_z_uT":6.936227798461914,"pitch":-0.6600000262260437,"pitch_madgwick":-47.25285720825195,"raw_temperature":3306.0,"roll":-9.53499984741211,"roll_madgwick":-21.601781845092773,"status":"Calibrated","temperature":-3.305999994277954,"yaw":-166.41799926757813,"yaw_madgwick":26.313470363616943,"yaw_madgwick_mean":25.37445519030777,"yaw_madgwick_raw":26.313470363616943,"yaw_static":-146.38340379247126}"
INS_GYRO_X                          0.09405
INS_GYRO_Y                          0.322193
INS_GYRO_Z                          0.152147
INS_PITCH                           -47.252857
INS_QUAT_W                          0.117615
INS_QUAT_X                          -0.012512
INS_QUAT_Y                          0.076172
INS_QUAT_Z                          -0.990021
INS_RAW_TEMPERATURE                 3306
INS_ROLL                            -21.601782
INS_TEMPERATURE                     -3.306
INS_YAW                             26.31347
  -- displaying all variables --










==============================================================
uXMS_374                                              0/0(163)
==============================================================
VarName              (S)  (T)  (C)  VarValue (SCOPING:[7;32mEVENTS[0m)
-------------------  ---  ---  ---  -------------------------
DB_CLIENTS                          "uXMS_374,iSerialWitMotion,"
DB_EVENT                            "connected=uXMS_374"
DB_QOS                              "iSerialWitMotion=0.437021:0.808001:0.111103:0.356197,uXMS_374=0.433922:1.23906:0.101089:0.319767,"
DB_TIME                             1787021609.34251
DB_UPTIME                           34.500237
INS_ACCEL_X                         0
INS_ACCEL_Y                         0.000179
INS_ACCEL_Z                         0.999949
INS_DATA                            "{"accelerationX":-3.665609327185848e-08,"accelerationY":0.00017864641267806292,"accelerationZ":0.9999487996101379,"angular_velocity_x":0.11767178773880005,"angular_velocity_y":0.3406944274902344,"angular_velocity_z":0.13539931178092957,"magnetic_field_x_uT":-8.595396041870117,"magnetic_field_y_uT":-37.146854400634766,"magnetic_field_z_uT":6.940669536590576,"pitch":-0.6629999876022339,"pitch_madgwick":-31.911880493164063,"quaternion_q0":0.117645263671875,"quaternion_q1":-0.0125732421875,"quaternion_q2":0.076171875,"quaternion_q3":-0.989990234375,"raw_temperature":3306.0,"roll":-9.532999992370605,"roll_madgwick":-16.745695114135742,"status":"Calibrated","temperature":-3.305999994277954,"yaw":-166.41299438476563,"yaw_madgwick":24.93422555923462,"yaw_madgwick_mean":25.410571717913072,"yaw_madgwick_raw":24.93422555923462,"yaw_static":-146.38340379247126}"
INS_GYRO_X                          0.117672
INS_GYRO_Y                          0.340694
INS_GYRO_Z                          0.135399
INS_PITCH                           -31.91188
INS_QUAT_W                          0.117645
INS_QUAT_X                          -0.012573
INS_QUAT_Y                          0.076172
INS_QUAT_Z                          -0.98999
INS_RAW_TEMPERATURE                 3306
INS_ROLL                            -16.745695
INS_TEMPERATURE                     -3.306
INS_YAW                             24.934226
  -- displaying all variables --










==============================================================
uXMS_374                                              0/0(166)
==============================================================
VarName              (S)  (T)  (C)  VarValue (SCOPING:[7;32mEVENTS[0m)
-------------------  ---  ---  ---  -------------------------
DB_CLIENTS                          "uXMS_374,iSerialWitMotion,"
DB_EVENT                            "connected=uXMS_374"
DB_QOS                              "iSerialWitMotion=0.437021:0.808001:0.111103:0.356197,uXMS_374=0.433922:1.23906:0.101089:0.319767,"
DB_TIME                             1787021609.34251
DB_UPTIME                           34.500237
INS_ACCEL_X                         0
INS_ACCEL_Y                         0.000212
INS_ACCEL_Z                         0.999931
INS_DATA                            "{"accelerationX":-5.540202963061347e-09,"accelerationY":0.00021226053650025278,"accelerationZ":0.999931275844574,"angular_velocity_x":0.09486748278141022,"angular_velocity_y":0.33581632375717163,"angular_velocity_z":0.13611926138401031,"magnetic_field_x_uT":-8.613426208496094,"magnetic_field_y_uT":-37.151424407958984,"magnetic_field_z_uT":6.935091495513916,"pitch":-0.4390000104904175,"pitch_madgwick":-20.399208068847656,"quaternion_q0":0.117523193359375,"quaternion_q1":-0.010467529296875,"quaternion_q2":0.076416015625,"quaternion_q3":-0.990020751953125,"raw_temperature":3317.0,"roll":-9.53499984741211,"roll_madgwick":-14.593424797058105,"status":"Calibrated","temperature":-3.316999912261963,"yaw":-166.4459991455078,"yaw_madgwick":23.551865816116333,"yaw_madgwick_mean":24.86459327022273,"yaw_madgwick_raw":23.551865816116333,"yaw_static":-146.38340379247126}"
INS_GYRO_X                          0.094867
INS_GYRO_Y                          0.335816
INS_GYRO_Z                          0.136119
INS_PITCH                           -20.399208
INS_QUAT_W                          0.117523
INS_QUAT_X                          -0.010468
INS_QUAT_Y                          0.076416
INS_QUAT_Z                          -0.990021
INS_RAW_TEMPERATURE                 3317
INS_ROLL                            -14.593425
INS_TEMPERATURE                     -3.317
INS_YAW                             23.551866
  -- displaying all variables --










==============================================================
uXMS_374                                              0/0(169)
==============================================================
VarName              (S)  (T)  (C)  VarValue (SCOPING:[7;32mEVENTS[0m)
-------------------  ---  ---  ---  -------------------------
DB_CLIENTS                          "uXMS_374,iSerialWitMotion,"
DB_EVENT                            "connected=uXMS_374"
DB_QOS                              "iSerialWitMotion=0.325918:0.808001:0.111103:0.333977,uXMS_374=0.326872:1.23906:0.101089:0.298357,"
DB_TIME                             1787021611.398303
DB_UPTIME                           36.556028
INS_ACCEL_X                         -0.000027
INS_ACCEL_Y                         0.000314
INS_ACCEL_Z                         1.000052
INS_DATA                            "{"accelerationX":-3.742983972188085e-05,"accelerationY":0.0003069362719543278,"accelerationZ":1.0000981092453003,"angular_velocity_x":0.0999479740858078,"angular_velocity_y":0.3346443772315979,"angular_velocity_z":0.1313900351524353,"magnetic_field_x_uT":-8.59907341003418,"magnetic_field_y_uT":-37.1503791809082,"magnetic_field_z_uT":6.935649871826172,"pitch":-0.3050000071525574,"pitch_madgwick":-9.35251522064209,"quaternion_q0":0.117401123046875,"quaternion_q1":-0.00933837890625,"quaternion_q2":0.0765380859375,"quaternion_q3":-0.990020751953125,"raw_temperature":3295.0,"roll":-9.53499984741211,"roll_madgwick":-11.395281791687012,"status":"Calibrated","temperature":-3.2950000762939453,"yaw":-166.46800231933594,"yaw_madgwick":20.20100401341915,"yaw_madgwick_mean":22.61642335395805,"yaw_madgwick_raw":20.20100401341915,"yaw_static":-146.38340379247126}"
INS_GYRO_X                          0.089435
INS_GYRO_Y                          0.326683
INS_GYRO_Z                          0.128872
INS_PITCH                           -7.645104
INS_QUAT_W                          0.117401
INS_QUAT_X                          -0.009186
INS_QUAT_Y                          0.076569
INS_QUAT_Z                          -0.990051
INS_RAW_TEMPERATURE                 3306
INS_ROLL                            -11.218246
INS_TEMPERATURE                     -3.306
INS_YAW                             21.689232
  -- displaying all variables --










==============================================================
uXMS_374                                              0/0(172)
==============================================================
VarName              (S)  (T)  (C)  VarValue (SCOPING:[7;32mEVENTS[0m)
-------------------  ---  ---  ---  -------------------------
DB_CLIENTS                          "uXMS_374,iSerialWitMotion,"
DB_EVENT                            "connected=uXMS_374"
DB_QOS                              "iSerialWitMotion=0.325918:0.808001:0.111103:0.333977,uXMS_374=0.326872:1.23906:0.101089:0.298357,"
DB_TIME                             1787021611.398303
DB_UPTIME                           36.556028
INS_ACCEL_X                         -0.000008
INS_ACCEL_Y                         0.000327
INS_ACCEL_Z                         0.999963
INS_DATA                            "{"accelerationX":-7.751174962322693e-06,"accelerationY":0.0003265422419644892,"accelerationZ":0.9999633431434631,"angular_velocity_x":0.11281050741672516,"angular_velocity_y":0.3112782835960388,"angular_velocity_z":0.12400028854608536,"magnetic_field_x_uT":-8.600876808166504,"magnetic_field_y_uT":-37.16432189941406,"magnetic_field_z_uT":6.933403491973877,"pitch":-0.21299999952316284,"pitch_madgwick":-0.7968955636024475,"quaternion_q0":0.117340087890625,"quaternion_q1":-0.008575439453125,"quaternion_q2":0.076629638671875,"quaternion_q3":-0.99005126953125,"raw_temperature":3295.0,"roll":-9.53499984741211,"roll_madgwick":-8.666070938110352,"status":"Calibrated","temperature":-3.2950000762939453,"yaw":-166.48300170898438,"yaw_madgwick":23.310370206832886,"yaw_madgwick_mean":23.060533608477968,"yaw_madgwick_raw":23.310370206832886,"yaw_static":-146.38340379247126}"
INS_GYRO_X                          0.112811
INS_GYRO_Y                          0.311278
INS_GYRO_Z                          0.124
INS_PITCH                           -0.796896
INS_QUAT_W                          0.11734
INS_QUAT_X                          -0.008575
INS_QUAT_Y                          0.07663
INS_QUAT_Z                          -0.990051
INS_RAW_TEMPERATURE                 3295
INS_ROLL                            -8.666071
INS_TEMPERATURE                     -3.295
INS_YAW                             23.31037
  -- displaying all variables --










==============================================================
uXMS_374                                              0/0(175)
==============================================================
VarName              (S)  (T)  (C)  VarValue (SCOPING:[7;32mEVENTS[0m)
-------------------  ---  ---  ---  -------------------------
DB_CLIENTS                          "uXMS_374,iSerialWitMotion,"
DB_EVENT                            "connected=uXMS_374"
DB_QOS                              "iSerialWitMotion=0.325918:0.808001:0.111103:0.333977,uXMS_374=0.326872:1.23906:0.101089:0.298357,"
DB_TIME                             1787021611.398303
DB_UPTIME                           36.556028
INS_ACCEL_X                         -0.000001
INS_ACCEL_Y                         0.000209
INS_ACCEL_Z                         0.999933
INS_DATA                            "{"accelerationX":-1.1715128493960947e-06,"accelerationY":0.0002093397342832759,"accelerationZ":0.9999334812164307,"angular_velocity_x":0.10863636434078217,"angular_velocity_y":0.32258713245391846,"angular_velocity_z":0.12236200273036957,"magnetic_field_x_uT":-8.598495483398438,"magnetic_field_y_uT":-37.1533088684082,"magnetic_field_z_uT":6.934528827667236,"pitch":-0.16200000047683716,"pitch_madgwick":11.001246452331543,"quaternion_q0":0.11724853515625,"quaternion_q1":-0.008148193359375,"quaternion_q2":0.076690673828125,"quaternion_q3":-0.99005126953125,"raw_temperature":3317.0,"roll":-9.53499984741211,"roll_madgwick":-4.481842517852783,"status":"Calibrated","temperature":-3.316999912261963,"yaw":-166.49600219726563,"yaw_madgwick":28.473161697387695,"yaw_madgwick_mean":26.314404524962658,"yaw_madgwick_raw":28.473161697387695,"yaw_static":-146.38340379247126}"
INS_GYRO_X                          0.108636
INS_GYRO_Y                          0.322587
INS_GYRO_Z                          0.122362
INS_PITCH                           11.001246
INS_QUAT_W                          0.117249
INS_QUAT_X                          -0.008148
INS_QUAT_Y                          0.076691
INS_QUAT_Z                          -0.990051
INS_RAW_TEMPERATURE                 3317
INS_ROLL                            -4.481843
INS_TEMPERATURE                     -3.317
INS_YAW                             28.473162
  -- displaying all variables --










==============================================================
uXMS_374                                              0/0(178)
==============================================================
VarName              (S)  (T)  (C)  VarValue (SCOPING:[7;32mEVENTS[0m)
-------------------  ---  ---  ---  -------------------------
DB_CLIENTS                          "uXMS_374,iSerialWitMotion,"
DB_EVENT                            "connected=uXMS_374"
DB_QOS                              "iSerialWitMotion=0.325918:0.808001:0.111103:0.333977,uXMS_374=0.326872:1.23906:0.101089:0.298357,"
DB_TIME                             1787021611.398303
DB_UPTIME                           36.556028
INS_ACCEL_X                         0
INS_ACCEL_Y                         0.000181
INS_ACCEL_Z                         0.999929
INS_DATA                            "{"accelerationX":-1.7706248911508737e-07,"accelerationY":0.00018126261420547962,"accelerationZ":0.9999289512634277,"angular_velocity_x":0.13207431137561798,"angular_velocity_y":0.32429635524749756,"angular_velocity_z":0.12679298222064972,"magnetic_field_x_uT":-8.604974746704102,"magnetic_field_y_uT":-37.16026306152344,"magnetic_field_z_uT":6.923113822937012,"pitch":-0.13500000536441803,"pitch_madgwick":19.791244506835938,"quaternion_q0":0.117279052734375,"quaternion_q1":-0.0079345703125,"quaternion_q2":0.07672119140625,"quaternion_q3":-0.99005126953125,"raw_temperature":3317.0,"roll":-9.53499984741211,"roll_madgwick":0.6470319628715515,"status":"Calibrated","temperature":-3.316999912261963,"yaw":-166.49400329589844,"yaw_madgwick":26.990796089172363,"yaw_madgwick_mean":27.41701257121689,"yaw_madgwick_raw":26.990796089172363,"yaw_static":-146.38340379247126}"
INS_GYRO_X                          0.132074
INS_GYRO_Y                          0.324296
INS_GYRO_Z                          0.126793
INS_PITCH                           19.791245
INS_QUAT_W                          0.117279
INS_QUAT_X                          -0.007935
INS_QUAT_Y                          0.076721
INS_QUAT_Z                          -0.990051
INS_RAW_TEMPERATURE                 3317
INS_ROLL                            0.647032
INS_TEMPERATURE                     -3.317
INS_YAW                             26.990796
  -- displaying all variables --










==============================================================
uXMS_374                                              0/0(181)
==============================================================
VarName              (S)  (T)  (C)  VarValue (SCOPING:[7;32mEVENTS[0m)
-------------------  ---  ---  ---  -------------------------
DB_CLIENTS                          "uXMS_374,iSerialWitMotion,"
DB_EVENT                            "connected=uXMS_374"
DB_QOS                              "iSerialWitMotion=0.496864:0.808001:0.111103:0.368166,uXMS_374=0.47493:1.23906:0.101089:0.327969,"
DB_TIME                             1787021613.410511
DB_UPTIME                           38.568236
INS_ACCEL_X                         -0.000027
INS_ACCEL_Y                         0.000282
INS_ACCEL_Z                         1.000026
INS_DATA                            "{"accelerationX":-2.7343859983375296e-05,"accelerationY":0.00028161416412331164,"accelerationZ":1.0000258684158325,"angular_velocity_x":0.10241469740867615,"angular_velocity_y":0.30806565284729004,"angular_velocity_z":0.1140008494257927,"magnetic_field_x_uT":-8.610979080200195,"magnetic_field_y_uT":-37.155433654785156,"magnetic_field_z_uT":6.936673164367676,"pitch":-0.11999999731779099,"pitch_madgwick":27.414255142211914,"quaternion_q0":0.117279052734375,"quaternion_q1":-0.0078125,"quaternion_q2":0.07672119140625,"quaternion_q3":-0.99005126953125,"raw_temperature":3295.0,"roll":-9.53499984741211,"roll_madgwick":4.584625720977783,"status":"Calibrated","temperature":-3.2950000762939453,"yaw":-166.4969940185547,"yaw_madgwick":30.12461566925049,"yaw_madgwick_mean":29.359903970582632,"yaw_madgwick_raw":30.12461566925049,"yaw_static":-146.38340379247126}"
INS_GYRO_X                          0.102415
INS_GYRO_Y                          0.308066
INS_GYRO_Z                          0.114001
INS_PITCH                           27.414255
INS_QUAT_W                          0.117279
INS_QUAT_X                          -0.007812
INS_QUAT_Y                          0.076721
INS_QUAT_Z                          -0.990051
INS_RAW_TEMPERATURE                 3295
INS_ROLL                            4.584626
INS_TEMPERATURE                     -3.295
INS_YAW                             30.124616
  -- displaying all variables --










==============================================================
uXMS_374                                              0/0(184)
==============================================================
VarName              (S)  (T)  (C)  VarValue (SCOPING:[7;32mEVENTS[0m)
-------------------  ---  ---  ---  -------------------------
DB_CLIENTS                          "uXMS_374,iSerialWitMotion,"
DB_EVENT                            "connected=uXMS_374"
DB_QOS                              "iSerialWitMotion=0.496864:0.808001:0.111103:0.368166,uXMS_374=0.47493:1.23906:0.101089:0.327969,"
DB_TIME                             1787021613.410511
DB_UPTIME                           38.568236
INS_ACCEL_X                         -0.000004
INS_ACCEL_Y                         0.000324
INS_ACCEL_Z                         0.999943
INS_DATA                            "{"accelerationX":-4.132751655561151e-06,"accelerationY":0.0003240983933210373,"accelerationZ":0.9999428987503052,"angular_velocity_x":0.11909955739974976,"angular_velocity_y":0.32141155004501343,"angular_velocity_z":0.14612294733524323,"magnetic_field_x_uT":-8.610419273376465,"magnetic_field_y_uT":-37.15302276611328,"magnetic_field_z_uT":6.932527542114258,"pitch":-0.11100000143051147,"pitch_madgwick":35.0756950378418,"quaternion_q0":0.1173095703125,"quaternion_q1":-0.007720947265625,"quaternion_q2":0.076751708984375,"quaternion_q3":-0.99005126953125,"raw_temperature":3306.0,"roll":-9.53499984741211,"roll_madgwick":11.360502243041992,"status":"Calibrated","temperature":-3.305999994277954,"yaw":-166.49600219726563,"yaw_madgwick":35.993014335632324,"yaw_madgwick_mean":33.116015137614625,"yaw_madgwick_raw":35.993014335632324,"yaw_static":-146.38340379247126}"
INS_GYRO_X                          0.1191
INS_GYRO_Y                          0.321412
INS_GYRO_Z                          0.146123
INS_PITCH                           35.075695
INS_QUAT_W                          0.11731
INS_QUAT_X                          -0.007721
INS_QUAT_Y                          0.076752
INS_QUAT_Z                          -0.990051
INS_RAW_TEMPERATURE                 3306
INS_ROLL                            11.360502
INS_TEMPERATURE                     -3.306
INS_YAW                             35.993014
  -- displaying all variables --










==============================================================
uXMS_374                                              0/0(187)
==============================================================
VarName              (S)  (T)  (C)  VarValue (SCOPING:[7;32mEVENTS[0m)
-------------------  ---  ---  ---  -------------------------
DB_CLIENTS                          "uXMS_374,iSerialWitMotion,"
DB_EVENT                            "connected=uXMS_374"
DB_QOS                              "iSerialWitMotion=0.496864:0.808001:0.111103:0.368166,uXMS_374=0.47493:1.23906:0.101089:0.327969,"
DB_TIME                             1787021613.410511
DB_UPTIME                           38.568236
INS_ACCEL_X                         -0.000001
INS_ACCEL_Y                         0.00026
INS_ACCEL_Z                         1.000027
INS_DATA                            "{"accelerationX":-6.24624249212502e-07,"accelerationY":0.00026025352417491376,"accelerationZ":1.0000267028808594,"angular_velocity_x":0.10942342877388,"angular_velocity_y":0.3408316671848297,"angular_velocity_z":0.12570562958717346,"magnetic_field_x_uT":-8.601259231567383,"magnetic_field_y_uT":-37.14546585083008,"magnetic_field_z_uT":6.944619655609131,"pitch":-0.10700000077486038,"pitch_madgwick":42.339752197265625,"quaternion_q0":0.1173095703125,"quaternion_q1":-0.007720947265625,"quaternion_q2":0.076751708984375,"quaternion_q3":-0.99005126953125,"raw_temperature":3317.0,"roll":-9.53499984741211,"roll_madgwick":18.66866683959961,"status":"Calibrated","temperature":-3.316999912261963,"yaw":-166.4969940185547,"yaw_madgwick":45.3219108581543,"yaw_madgwick_mean":39.60233143736426,"yaw_madgwick_raw":45.3219108581543,"yaw_static":-146.38340379247126}"
INS_GYRO_X                          0.109423
INS_GYRO_Y                          0.340832
INS_GYRO_Z                          0.125706
INS_PITCH                           42.339752
INS_QUAT_W                          0.11731
INS_QUAT_X                          -0.007721
INS_QUAT_Y                          0.076752
INS_QUAT_Z                          -0.990051
INS_RAW_TEMPERATURE                 3317
INS_ROLL                            18.668667
INS_TEMPERATURE                     -3.317
INS_YAW                             45.321911
  -- displaying all variables --










==============================================================
uXMS_374                                              0/0(190)
==============================================================
VarName              (S)  (T)  (C)  VarValue (SCOPING:[7;32mEVENTS[0m)
-------------------  ---  ---  ---  -------------------------
DB_CLIENTS                          "uXMS_374,iSerialWitMotion,"
DB_EVENT                            "connected=uXMS_374"
DB_QOS                              "iSerialWitMotion=0.364065:0.808001:0.111103:0.341606,uXMS_374=0.451088:1.23906:0.101089:0.3232,"
DB_TIME                             1787021615.424758
DB_UPTIME                           40.582486
INS_ACCEL_X                         -0.000027
INS_ACCEL_Y                         0.000321
INS_ACCEL_Z                         1.000022
INS_DATA                            "{"accelerationX":-2.741150456131436e-05,"accelerationY":0.0003208699345123023,"accelerationZ":1.0000215768814087,"angular_velocity_x":0.10155057907104492,"angular_velocity_y":0.33583706617355347,"angular_velocity_z":0.12261974811553955,"magnetic_field_x_uT":-8.597082138061523,"magnetic_field_y_uT":-37.14830780029297,"magnetic_field_z_uT":6.928581714630127,"pitch":-0.10499999672174454,"pitch_madgwick":47.522438049316406,"quaternion_q0":0.117279052734375,"quaternion_q1":-0.0076904296875,"quaternion_q2":0.076751708984375,"quaternion_q3":-0.99005126953125,"raw_temperature":3295.0,"roll":-9.53499984741211,"roll_madgwick":27.063127517700195,"status":"Calibrated","temperature":-3.2950000762939453,"yaw":-166.4969940185547,"yaw_madgwick":53.16468048095703,"yaw_madgwick_mean":47.58879171649301,"yaw_madgwick_raw":53.16468048095703,"yaw_static":-146.38340379247126}"
INS_GYRO_X                          0.101551
INS_GYRO_Y                          0.335837
INS_GYRO_Z                          0.12262
INS_PITCH                           47.522438
INS_QUAT_W                          0.117279
INS_QUAT_X                          -0.00769
INS_QUAT_Y                          0.076752
INS_QUAT_Z                          -0.990051
INS_RAW_TEMPERATURE                 3295
INS_ROLL                            27.063128
INS_TEMPERATURE                     -3.295
INS_YAW                             53.16468
  -- displaying all variables --










==============================================================
uXMS_374                                              0/0(193)
==============================================================
VarName              (S)  (T)  (C)  VarValue (SCOPING:[7;32mEVENTS[0m)
-------------------  ---  ---  ---  -------------------------
DB_CLIENTS                          "uXMS_374,iSerialWitMotion,"
DB_EVENT                            "connected=uXMS_374"
DB_QOS                              "iSerialWitMotion=0.364065:0.808001:0.111103:0.341606,uXMS_374=0.451088:1.23906:0.101089:0.3232,"
DB_TIME                             1787021615.424758
DB_UPTIME                           40.582486
INS_ACCEL_X                         -0.000004
INS_ACCEL_Y                         0.000293
INS_ACCEL_Z                         0.99998
INS_DATA                            "{"accelerationX":-4.142975740251131e-06,"accelerationY":0.0002926028100773692,"accelerationZ":0.9999796748161316,"angular_velocity_x":0.10247992724180222,"angular_velocity_y":0.31322455406188965,"angular_velocity_z":0.1474256068468094,"magnetic_field_x_uT":-8.599365234375,"magnetic_field_y_uT":-37.14629364013672,"magnetic_field_z_uT":6.924386501312256,"pitch":-0.10300000011920929,"pitch_madgwick":56.2099609375,"quaternion_q0":0.117340087890625,"quaternion_q1":-0.007659912109375,"quaternion_q2":0.076751708984375,"quaternion_q3":-0.99005126953125,"raw_temperature":3317.0,"roll":-9.53499984741211,"roll_madgwick":49.227725982666016,"status":"Calibrated","temperature":-3.316999912261963,"yaw":-166.4929962158203,"yaw_madgwick":72.90471267700195,"yaw_madgwick_mean":60.919115689425574,"yaw_madgwick_raw":72.90471267700195,"yaw_static":-146.38340379247126}"
INS_GYRO_X                          0.10248
INS_GYRO_Y                          0.313225
INS_GYRO_Z                          0.147426
INS_PITCH                           56.209961
INS_QUAT_W                          0.11734
INS_QUAT_X                          -0.00766
INS_QUAT_Y                          0.076752
INS_QUAT_Z                          -0.990051
INS_RAW_TEMPERATURE                 3317
INS_ROLL                            49.227726
INS_TEMPERATURE                     -3.317
INS_YAW                             72.904713
  -- displaying all variables --










==============================================================
uXMS_374                                              0/0(196)
==============================================================
VarName              (S)  (T)  (C)  VarValue (SCOPING:[7;32mEVENTS[0m)
-------------------  ---  ---  ---  -------------------------
DB_CLIENTS                          "uXMS_374,iSerialWitMotion,"
DB_EVENT                            "connected=uXMS_374"
DB_QOS                              "iSerialWitMotion=0.364065:0.808001:0.111103:0.341606,uXMS_374=0.451088:1.23906:0.101089:0.3232,"
DB_TIME                             1787021615.424758
DB_UPTIME                           40.582486
INS_ACCEL_X                         -0.000001
INS_ACCEL_Y                         0.000326
INS_ACCEL_Z                         0.999936
INS_DATA                            "{"accelerationX":-6.261694807108142e-07,"accelerationY":0.00032575923250988126,"accelerationZ":0.9999359250068665,"angular_velocity_x":0.11910941451787949,"angular_velocity_y":0.3184266686439514,"angular_velocity_z":0.136991485953331,"magnetic_field_x_uT":-8.597557067871094,"magnetic_field_y_uT":-37.15632629394531,"magnetic_field_z_uT":6.928834438323975,"pitch":-0.10199999809265137,"pitch_madgwick":57.559146881103516,"quaternion_q0":0.1173095703125,"quaternion_q1":-0.007659912109375,"quaternion_q2":0.076751708984375,"quaternion_q3":-0.99005126953125,"raw_temperature":3295.0,"roll":-9.53499984741211,"roll_madgwick":73.20714569091797,"status":"Calibrated","temperature":-3.2950000762939453,"yaw":-166.49400329589844,"yaw_madgwick":96.46217346191406,"yaw_madgwick_mean":82.13452162855181,"yaw_madgwick_raw":96.46217346191406,"yaw_static":-146.38340379247126}"
INS_GYRO_X                          0.119109
INS_GYRO_Y                          0.318427
INS_GYRO_Z                          0.136991
INS_PITCH                           57.559147
INS_QUAT_W                          0.11731
INS_QUAT_X                          -0.00766
INS_QUAT_Y                          0.076752
INS_QUAT_Z                          -0.990051
INS_RAW_TEMPERATURE                 3295
INS_ROLL                            73.207146
INS_TEMPERATURE                     -3.295
INS_YAW                             96.462173
  -- displaying all variables --










==============================================================
uXMS_374                                              0/0(199)
==============================================================
VarName              (S)  (T)  (C)  VarValue (SCOPING:[7;32mEVENTS[0m)
-------------------  ---  ---  ---  -------------------------
DB_CLIENTS                          "uXMS_374,iSerialWitMotion,"
DB_EVENT                            "connected=uXMS_374"
DB_QOS                              "iSerialWitMotion=0.364065:0.808001:0.111103:0.341606,uXMS_374=0.451088:1.23906:0.101089:0.3232,"
DB_TIME                             1787021615.424758
DB_UPTIME                           40.582486
INS_ACCEL_X                         0
INS_ACCEL_Y                         0.000331
INS_ACCEL_Z                         0.999957
INS_DATA                            "{"accelerationX":-9.463926886610352e-08,"accelerationY":0.00033077047555707395,"accelerationZ":0.9999566078186035,"angular_velocity_x":0.08431611955165863,"angular_velocity_y":0.3159617483615875,"angular_velocity_z":0.1562635600566864,"magnetic_field_x_uT":-8.596327781677246,"magnetic_field_y_uT":-37.15036392211914,"magnetic_field_z_uT":6.954832553863525,"pitch":-0.10199999809265137,"pitch_madgwick":53.42132568359375,"quaternion_q0":0.117340087890625,"quaternion_q1":-0.007659912109375,"quaternion_q2":0.076751708984375,"quaternion_q3":-0.99005126953125,"raw_temperature":3295.0,"roll":-9.53499984741211,"roll_madgwick":93.55706787109375,"status":"Calibrated","temperature":-3.2950000762939453,"yaw":-166.49400329589844,"yaw_madgwick":116.50553894042969,"yaw_madgwick_mean":104.61966506478183,"yaw_madgwick_raw":116.50553894042969,"yaw_static":-146.38340379247126}"
INS_GYRO_X                          0.084316
INS_GYRO_Y                          0.315962
INS_GYRO_Z                          0.156264
INS_PITCH                           53.421326
INS_QUAT_W                          0.11734
INS_QUAT_X                          -0.00766
INS_QUAT_Y                          0.076752
INS_QUAT_Z                          -0.990051
INS_RAW_TEMPERATURE                 3295
INS_ROLL                            93.557068
INS_TEMPERATURE                     -3.295
INS_YAW                             116.505539
  -- displaying all variables --










==============================================================
uXMS_374                                              0/0(202)
==============================================================
VarName              (S)  (T)  (C)  VarValue (SCOPING:[7;32mEVENTS[0m)
-------------------  ---  ---  ---  -------------------------
DB_CLIENTS                          "uXMS_374,iSerialWitMotion,"
DB_EVENT                            "connected=uXMS_374"
DB_QOS                              "iSerialWitMotion=0.512838:0.808001:0.111103:0.371361,uXMS_374=0.470877:1.23906:0.101089:0.327158,"
DB_TIME                             1787021617.46382
DB_UPTIME                           42.621546
INS_ACCEL_X                         0
INS_ACCEL_Y                         0.000332
INS_ACCEL_Z                         1.000093
INS_DATA                            "{"accelerationX":-1.4303781270541549e-08,"accelerationY":0.00033152787364088,"accelerationZ":1.0000934600830078,"angular_velocity_x":0.11977877467870712,"angular_velocity_y":0.30680596828460693,"angular_velocity_z":0.13065291941165924,"magnetic_field_x_uT":-8.607512474060059,"magnetic_field_y_uT":-37.14723205566406,"magnetic_field_z_uT":6.934175968170166,"pitch":-0.10199999809265137,"pitch_madgwick":46.568870544433594,"quaternion_q0":0.1173095703125,"quaternion_q1":-0.007659912109375,"quaternion_q2":0.076751708984375,"quaternion_q3":-0.99005126953125,"raw_temperature":3306.0,"roll":-9.53499984741211,"roll_madgwick":111.30278015136719,"status":"Calibrated","temperature":-3.305999994277954,"yaw":-166.49600219726563,"yaw_madgwick":131.8757781982422,"yaw_madgwick_mean":123.14652882572103,"yaw_madgwick_raw":131.8757781982422,"yaw_static":-146.38340379247126}"
INS_GYRO_X                          0.119779
INS_GYRO_Y                          0.306806
INS_GYRO_Z                          0.130653
INS_PITCH                           46.568871
INS_QUAT_W                          0.11731
INS_QUAT_X                          -0.00766
INS_QUAT_Y                          0.076752
INS_QUAT_Z                          -0.990051
INS_RAW_TEMPERATURE                 3306
INS_ROLL                            111.30278
INS_TEMPERATURE                     -3.306
INS_YAW                             131.875778
  -- displaying all variables --










==============================================================
uXMS_374                                              0/0(205)
==============================================================
VarName              (S)  (T)  (C)  VarValue (SCOPING:[7;32mEVENTS[0m)
-------------------  ---  ---  ---  -------------------------
DB_CLIENTS                          "uXMS_374,iSerialWitMotion,"
DB_EVENT                            "connected=uXMS_374"
DB_QOS                              "iSerialWitMotion=0.512838:0.808001:0.111103:0.371361,uXMS_374=0.470877:1.23906:0.101089:0.327158,"
DB_TIME                             1787021617.46382
DB_UPTIME                           42.621546
INS_ACCEL_X                         0
INS_ACCEL_Y                         0.000332
INS_ACCEL_Z                         1.000051
INS_DATA                            "{"accelerationX":-2.1618740131401637e-09,"accelerationY":0.0003316423681098968,"accelerationZ":1.000050663948059,"angular_velocity_x":0.10968954861164093,"angular_velocity_y":0.3208712041378021,"angular_velocity_z":0.11891286820173264,"magnetic_field_x_uT":-8.604484558105469,"magnetic_field_y_uT":-37.14677047729492,"magnetic_field_z_uT":6.931078910827637,"pitch":-0.10199999809265137,"pitch_madgwick":37.755558013916016,"quaternion_q0":0.1173095703125,"quaternion_q1":-0.007659912109375,"quaternion_q2":0.076751708984375,"quaternion_q3":-0.99005126953125,"raw_temperature":3306.0,"roll":-9.53499984741211,"roll_madgwick":122.5277328491211,"status":"Calibrated","temperature":-3.305999994277954,"yaw":-166.4980010986328,"yaw_madgwick":142.79637908935547,"yaw_madgwick_mean":136.086907046364,"yaw_madgwick_raw":142.79637908935547,"yaw_static":-146.38340379247126}"
INS_GYRO_X                          0.10969
INS_GYRO_Y                          0.320871
INS_GYRO_Z                          0.118913
INS_PITCH                           37.755558
INS_QUAT_W                          0.11731
INS_QUAT_X                          -0.00766
INS_QUAT_Y                          0.076752
INS_QUAT_Z                          -0.990051
INS_RAW_TEMPERATURE                 3306
INS_ROLL                            122.527733
INS_TEMPERATURE                     -3.306
INS_YAW                             142.796379
  -- displaying all variables --










==============================================================
uXMS_374                                              0/0(208)
==============================================================
VarName              (S)  (T)  (C)  VarValue (SCOPING:[7;32mEVENTS[0m)
-------------------  ---  ---  ---  -------------------------
DB_CLIENTS                          "uXMS_374,iSerialWitMotion,"
DB_EVENT                            "connected=uXMS_374"
DB_QOS                              "iSerialWitMotion=0.512838:0.808001:0.111103:0.371361,uXMS_374=0.470877:1.23906:0.101089:0.327158,"
DB_TIME                             1787021617.46382
DB_UPTIME                           42.621546
INS_ACCEL_X                         0
INS_ACCEL_Y                         0.000332
INS_ACCEL_Z                         1.000043
INS_DATA                            "{"accelerationX":-3.2674568606338994e-10,"accelerationY":0.0003316596557851881,"accelerationZ":1.0000429153442383,"angular_velocity_x":0.12019907683134079,"angular_velocity_y":0.31958240270614624,"angular_velocity_z":0.1380821168422699,"magnetic_field_x_uT":-8.610051155090332,"magnetic_field_y_uT":-37.15589141845703,"magnetic_field_z_uT":6.936385154724121,"pitch":-0.10100000351667404,"pitch_madgwick":27.923019409179688,"quaternion_q0":0.117279052734375,"quaternion_q1":-0.007659912109375,"quaternion_q2":0.076751708984375,"quaternion_q3":-0.99005126953125,"raw_temperature":3317.0,"roll":-9.53499984741211,"roll_madgwick":130.35336303710938,"status":"Calibrated","temperature":-3.316999912261963,"yaw":-166.49899291992188,"yaw_madgwick":150.2209014892578,"yaw_madgwick_mean":145.41348016162553,"yaw_madgwick_raw":150.2209014892578,"yaw_static":-146.38340379247126}"
INS_GYRO_X                          0.120199
INS_GYRO_Y                          0.319582
INS_GYRO_Z                          0.138082
INS_PITCH                           27.923019
INS_QUAT_W                          0.117279
INS_QUAT_X                          -0.00766
INS_QUAT_Y                          0.076752
INS_QUAT_Z                          -0.990051
INS_RAW_TEMPERATURE                 3317
INS_ROLL                            130.353363
INS_TEMPERATURE                     -3.317
INS_YAW                             150.220901
  -- displaying all variables --










==============================================================
uXMS_374                                              0/0(211)
==============================================================
VarName              (S)  (T)  (C)  VarValue (SCOPING:[7;32mEVENTS[0m)
-------------------  ---  ---  ---  -------------------------
DB_CLIENTS                          "uXMS_374,iSerialWitMotion,"
DB_EVENT                            "connected=uXMS_374"
DB_QOS                              "iSerialWitMotion=0.456095:0.808001:0.111103:0.360012,uXMS_374=0.499964:1.23906:0.101089:0.332975,"
DB_TIME                             1787021619.478038
DB_UPTIME                           44.635765
INS_ACCEL_X                         0
INS_ACCEL_Y                         0.000332
INS_ACCEL_Z                         0.999945
INS_DATA                            "{"accelerationX":-4.938435077539438e-11,"accelerationY":0.0003316622751299292,"accelerationZ":0.9999454617500305,"angular_velocity_x":0.11537709087133408,"angular_velocity_y":0.3137635886669159,"angular_velocity_z":0.12449032813310623,"magnetic_field_x_uT":-8.598953247070313,"magnetic_field_y_uT":-37.160255432128906,"magnetic_field_z_uT":6.940908432006836,"pitch":-0.10100000351667404,"pitch_madgwick":17.512149810791016,"quaternion_q0":0.11724853515625,"quaternion_q1":-0.007659912109375,"quaternion_q2":0.076751708984375,"quaternion_q3":-0.99005126953125,"raw_temperature":3306.0,"roll":-9.534000396728516,"roll_madgwick":136.79920959472656,"status":"Calibrated","temperature":-3.305999994277954,"yaw":-166.5030059814453,"yaw_madgwick":155.96128845214844,"yaw_madgwick_mean":152.39359635083443,"yaw_madgwick_raw":155.96128845214844,"yaw_static":-146.38340379247126}"
INS_GYRO_X                          0.115377
INS_GYRO_Y                          0.313764
INS_GYRO_Z                          0.12449
INS_PITCH                           17.51215
INS_QUAT_W                          0.117249
INS_QUAT_X                          -0.00766
INS_QUAT_Y                          0.076752
INS_QUAT_Z                          -0.990051
INS_RAW_TEMPERATURE                 3306
INS_ROLL                            136.79921
INS_TEMPERATURE                     -3.306
INS_YAW                             155.961288
  -- displaying all variables --










==============================================================
uXMS_374                                              0/0(214)
==============================================================
VarName              (S)  (T)  (C)  VarValue (SCOPING:[7;32mEVENTS[0m)
-------------------  ---  ---  ---  -------------------------
DB_CLIENTS                          "uXMS_374,iSerialWitMotion,"
DB_EVENT                            "connected=uXMS_374"
DB_QOS                              "iSerialWitMotion=0.456095:0.808001:0.111103:0.360012,uXMS_374=0.499964:1.23906:0.101089:0.332975,"
DB_TIME                             1787021619.478038
DB_UPTIME                           44.635765
INS_ACCEL_X                         0
INS_ACCEL_Y                         0.000332
INS_ACCEL_Z                         0.999931
INS_DATA                            "{"accelerationX":-7.463952199360246e-12,"accelerationY":0.0003316626534797251,"accelerationZ":0.999930739402771,"angular_velocity_x":0.10456966608762741,"angular_velocity_y":0.314566969871521,"angular_velocity_z":0.14233973622322083,"magnetic_field_x_uT":-8.595349311828613,"magnetic_field_y_uT":-37.14642333984375,"magnetic_field_z_uT":6.939168453216553,"pitch":-0.10199999809265137,"pitch_madgwick":5.869841575622559,"quaternion_q0":0.117218017578125,"quaternion_q1":-0.007659912109375,"quaternion_q2":0.076751708984375,"quaternion_q3":-0.99005126953125,"raw_temperature":3295.0,"roll":-9.53499984741211,"roll_madgwick":141.95721435546875,"status":"Calibrated","temperature":-3.2950000762939453,"yaw":-166.5050048828125,"yaw_madgwick":159.68899536132813,"yaw_madgwick_mean":157.46334211050646,"yaw_madgwick_raw":159.68899536132813,"yaw_static":-146.38340379247126}"
INS_GYRO_X                          0.10457
INS_GYRO_Y                          0.314567
INS_GYRO_Z                          0.14234
INS_PITCH                           5.869842
INS_QUAT_W                          0.117218
INS_QUAT_X                          -0.00766
INS_QUAT_Y                          0.076752
INS_QUAT_Z                          -0.990051
INS_RAW_TEMPERATURE                 3295
INS_ROLL                            141.957214
INS_TEMPERATURE                     -3.295
INS_YAW                             159.688995
  -- displaying all variables --










==============================================================
uXMS_374                                              0/0(217)
==============================================================
VarName              (S)  (T)  (C)  VarValue (SCOPING:[7;32mEVENTS[0m)
-------------------  ---  ---  ---  -------------------------
DB_CLIENTS                          "uXMS_374,iSerialWitMotion,"
DB_EVENT                            "connected=uXMS_374"
DB_QOS                              "iSerialWitMotion=0.456095:0.808001:0.111103:0.360012,uXMS_374=0.499964:1.23906:0.101089:0.332975,"
DB_TIME                             1787021619.478038
DB_UPTIME                           44.635765
INS_ACCEL_X                         0
INS_ACCEL_Y                         0.000332
INS_ACCEL_Z                         0.99998
INS_DATA                            "{"accelerationX":-1.1281019521303115e-12,"accelerationY":0.00033166271168738604,"accelerationZ":0.9999797940254211,"angular_velocity_x":0.10739084333181381,"angular_velocity_y":0.33758780360221863,"angular_velocity_z":0.15704046189785004,"magnetic_field_x_uT":-8.613017082214355,"magnetic_field_y_uT":-37.14868927001953,"magnetic_field_z_uT":6.9354329109191895,"pitch":-0.10100000351667404,"pitch_madgwick":-7.360238552093506,"quaternion_q0":0.117218017578125,"quaternion_q1":-0.007659912109375,"quaternion_q2":0.076751708984375,"quaternion_q3":-0.99005126953125,"raw_temperature":3306.0,"roll":-9.53499984741211,"roll_madgwick":144.98873901367188,"status":"Calibrated","temperature":-3.305999994277954,"yaw":-166.50599670410156,"yaw_madgwick":161.95021057128906,"yaw_madgwick_mean":160.45258180319524,"yaw_madgwick_raw":161.95021057128906,"yaw_static":-146.38340379247126}"
INS_GYRO_X                          0.107391
INS_GYRO_Y                          0.337588
INS_GYRO_Z                          0.15704
INS_PITCH                           -7.360239
INS_QUAT_W                          0.117218
INS_QUAT_X                          -0.00766
INS_QUAT_Y                          0.076752
INS_QUAT_Z                          -0.990051
INS_RAW_TEMPERATURE                 3306
INS_ROLL                            144.988739
INS_TEMPERATURE                     -3.306
INS_YAW                             161.950211
  -- displaying all variables --










==============================================================
uXMS_374                                              0/0(220)
==============================================================
VarName              (S)  (T)  (C)  VarValue (SCOPING:[7;32mEVENTS[0m)
-------------------  ---  ---  ---  -------------------------
DB_CLIENTS                          "uXMS_374,iSerialWitMotion,"
DB_EVENT                            "connected=uXMS_374"
DB_QOS                              "iSerialWitMotion=0.581026:0.808001:0.111103:0.384998,uXMS_374=0.32711:1.23906:0.101089:0.298405,"
DB_TIME                             1787021621.491992
DB_UPTIME                           46.64972
INS_ACCEL_X                         0
INS_ACCEL_Y                         0.000235
INS_ACCEL_Z                         0.999936
INS_DATA                            "{"accelerationX":-1.705013625945273e-13,"accelerationY":0.0002353874297114089,"accelerationZ":0.9999359250068665,"angular_velocity_x":0.10336262732744217,"angular_velocity_y":0.35379159450531006,"angular_velocity_z":0.127355694770813,"magnetic_field_x_uT":-8.598531723022461,"magnetic_field_y_uT":-37.15016174316406,"magnetic_field_z_uT":6.937466621398926,"pitch":-0.10100000351667404,"pitch_madgwick":-19.494831085205078,"quaternion_q0":0.1171875,"quaternion_q1":-0.007659912109375,"quaternion_q2":0.076751708984375,"quaternion_q3":-0.99005126953125,"raw_temperature":3295.0,"roll":-9.53499984741211,"roll_madgwick":149.23158264160156,"status":"Calibrated","temperature":-3.2950000762939453,"yaw":-166.50999450683594,"yaw_madgwick":164.3918914794922,"yaw_madgwick_mean":162.89190581078137,"yaw_madgwick_raw":164.3918914794922,"yaw_static":-146.38340379247126}"
INS_GYRO_X                          0.103363
INS_GYRO_Y                          0.353792
INS_GYRO_Z                          0.127356
INS_PITCH                           -19.494831
INS_QUAT_W                          0.117188
INS_QUAT_X                          -0.00766
INS_QUAT_Y                          0.076752
INS_QUAT_Z                          -0.990051
INS_RAW_TEMPERATURE                 3295
INS_ROLL                            149.231583
INS_TEMPERATURE                     -3.295
INS_YAW                             164.391891
  -- displaying all variables --










==============================================================
uXMS_374                                              0/0(223)
==============================================================
VarName              (S)  (T)  (C)  VarValue (SCOPING:[7;32mEVENTS[0m)
-------------------  ---  ---  ---  -------------------------
DB_CLIENTS                          "uXMS_374,iSerialWitMotion,"
DB_EVENT                            "connected=uXMS_374"
DB_QOS                              "iSerialWitMotion=0.581026:0.808001:0.111103:0.384998,uXMS_374=0.32711:1.23906:0.101089:0.298405,"
DB_TIME                             1787021621.491992
DB_UPTIME                           46.64972
INS_ACCEL_X                         0
INS_ACCEL_Y                         0.000317
INS_ACCEL_Z                         0.999957
INS_DATA                            "{"accelerationX":-2.5769579815849118e-14,"accelerationY":0.0003171116695739329,"accelerationZ":0.9999566078186035,"angular_velocity_x":0.11456423997879028,"angular_velocity_y":0.31593820452690125,"angular_velocity_z":0.12286914139986038,"magnetic_field_x_uT":-8.596240043640137,"magnetic_field_y_uT":-37.152896881103516,"magnetic_field_z_uT":6.936325550079346,"pitch":-0.10100000351667404,"pitch_madgwick":-31.06654930114746,"quaternion_q0":0.1171875,"quaternion_q1":-0.00762939453125,"quaternion_q2":0.076751708984375,"quaternion_q3":-0.99005126953125,"raw_temperature":3317.0,"roll":-9.534000396728516,"roll_madgwick":152.38134765625,"status":"Calibrated","temperature":-3.316999912261963,"yaw":-166.50999450683594,"yaw_madgwick":166.03724670410156,"yaw_madgwick_mean":165.03393171117978,"yaw_madgwick_raw":166.03724670410156,"yaw_static":-146.38340379247126}"
INS_GYRO_X                          0.114564
INS_GYRO_Y                          0.315938
INS_GYRO_Z                          0.122869
INS_PITCH                           -31.066549
INS_QUAT_W                          0.117188
INS_QUAT_X                          -0.007629
INS_QUAT_Y                          0.076752
INS_QUAT_Z                          -0.990051
INS_RAW_TEMPERATURE                 3317
INS_ROLL                            152.381348
INS_TEMPERATURE                     -3.317
INS_YAW                             166.037247
  -- displaying all variables --










==============================================================
uXMS_374                                              0/0(226)
==============================================================
VarName              (S)  (T)  (C)  VarValue (SCOPING:[7;32mEVENTS[0m)
-------------------  ---  ---  ---  -------------------------
DB_CLIENTS                          "uXMS_374,iSerialWitMotion,"
DB_EVENT                            "connected=uXMS_374"
DB_QOS                              "iSerialWitMotion=0.581026:0.808001:0.111103:0.384998,uXMS_374=0.32711:1.23906:0.101089:0.298405,"
DB_TIME                             1787021621.491992
DB_UPTIME                           46.64972
INS_ACCEL_X                         0
INS_ACCEL_Y                         0.000329
INS_ACCEL_Z                         0.999932
INS_DATA                            "{"accelerationX":-3.894815039603462e-15,"accelerationY":0.00032946348073892295,"accelerationZ":0.9999324679374695,"angular_velocity_x":0.11358001083135605,"angular_velocity_y":0.327970027923584,"angular_velocity_z":0.12860143184661865,"magnetic_field_x_uT":-8.599020957946777,"magnetic_field_y_uT":-37.14998245239258,"magnetic_field_z_uT":6.92997407913208,"pitch":-0.10199999809265137,"pitch_madgwick":-43.08695983886719,"quaternion_q0":0.117156982421875,"quaternion_q1":-0.007659912109375,"quaternion_q2":0.076751708984375,"quaternion_q3":-0.99005126953125,"raw_temperature":3295.0,"roll":-9.534000396728516,"roll_madgwick":156.02699279785156,"status":"Calibrated","temperature":-3.2950000762939453,"yaw":-166.51300048828125,"yaw_madgwick":166.92111206054688,"yaw_madgwick_mean":166.2884333052013,"yaw_madgwick_raw":166.92111206054688,"yaw_static":-146.38340379247126}"
INS_GYRO_X                          0.11358
INS_GYRO_Y                          0.32797
INS_GYRO_Z                          0.128601
INS_PITCH                           -43.08696
INS_QUAT_W                          0.117157
INS_QUAT_X                          -0.00766
INS_QUAT_Y                          0.076752
INS_QUAT_Z                          -0.990051
INS_RAW_TEMPERATURE                 3295
INS_ROLL                            156.026993
INS_TEMPERATURE                     -3.295
INS_YAW                             166.921112
  -- displaying all variables --










==============================================================
uXMS_374                                              0/0(229)
==============================================================
VarName              (S)  (T)  (C)  VarValue (SCOPING:[7;32mEVENTS[0m)
-------------------  ---  ---  ---  -------------------------
DB_CLIENTS                          "uXMS_374,iSerialWitMotion,"
DB_EVENT                            "connected=uXMS_374"
DB_QOS                              "iSerialWitMotion=0.581026:0.808001:0.111103:0.384998,uXMS_374=0.32711:1.23906:0.101089:0.298405,"
DB_TIME                             1787021621.491992
DB_UPTIME                           46.64972
INS_ACCEL_X                         0
INS_ACCEL_Y                         0.000331
INS_ACCEL_Z                         0.999929
INS_DATA                            "{"accelerationX":-5.886624344137619e-16,"accelerationY":0.00033133034594357014,"accelerationZ":0.9999287724494934,"angular_velocity_x":0.12078708410263062,"angular_velocity_y":0.35402077436447144,"angular_velocity_z":0.12305741757154465,"magnetic_field_x_uT":-8.609426498413086,"magnetic_field_y_uT":-37.14698028564453,"magnetic_field_z_uT":6.938970565795898,"pitch":-0.10199999809265137,"pitch_madgwick":-56.50727081298828,"quaternion_q0":0.11712646484375,"quaternion_q1":-0.007659912109375,"quaternion_q2":0.076751708984375,"quaternion_q3":-0.990081787109375,"raw_temperature":3295.0,"roll":-9.534000396728516,"roll_madgwick":158.7440948486328,"status":"Calibrated","temperature":-3.2950000762939453,"yaw":-166.51600646972656,"yaw_madgwick":168.31997680664063,"yaw_madgwick_mean":167.30452897544984,"yaw_madgwick_raw":168.31997680664063,"yaw_static":-146.38340379247126}"
INS_GYRO_X                          0.120787
INS_GYRO_Y                          0.354021
INS_GYRO_Z                          0.123057
INS_PITCH                           -56.507271
INS_QUAT_W                          0.117126
INS_QUAT_X                          -0.00766
INS_QUAT_Y                          0.076752
INS_QUAT_Z                          -0.990082
INS_RAW_TEMPERATURE                 3295
INS_ROLL                            158.744095
INS_TEMPERATURE                     -3.295
INS_YAW                             168.319977
  -- displaying all variables --










==============================================================
uXMS_374                                              0/0(232)
==============================================================
VarName              (S)  (T)  (C)  VarValue (SCOPING:[7;32mEVENTS[0m)
-------------------  ---  ---  ---  -------------------------
DB_CLIENTS                          "uXMS_374,iSerialWitMotion,"
DB_EVENT                            "connected=uXMS_374"
DB_QOS                              "iSerialWitMotion=0.509024:0.808001:0.111103:0.370598,uXMS_374=0.353813:1.23906:0.101089:0.303745,"
DB_TIME                             1787021623.504236
DB_UPTIME                           48.661963
INS_ACCEL_X                         0
INS_ACCEL_Y                         0.000235
INS_ACCEL_Z                         0.999928
INS_DATA                            "{"accelerationX":-1.219034200518424e-16,"accelerationY":0.00023531859915237874,"accelerationZ":0.9999282956123352,"angular_velocity_x":0.12180456519126892,"angular_velocity_y":0.31996944546699524,"angular_velocity_z":0.15079815685749054,"magnetic_field_x_uT":-8.60915756225586,"magnetic_field_y_uT":-37.154964447021484,"magnetic_field_z_uT":6.927632808685303,"pitch":-0.10100000351667404,"pitch_madgwick":-65.59561157226563,"quaternion_q0":0.117095947265625,"quaternion_q1":-0.00762939453125,"quaternion_q2":0.076751708984375,"quaternion_q3":-0.990081787109375,"raw_temperature":3306.0,"roll":-9.53499984741211,"roll_madgwick":165.64328002929688,"status":"Calibrated","temperature":-3.305999994277954,"yaw":-166.5189971923828,"yaw_madgwick":164.7233123779297,"yaw_madgwick_mean":167.3411900940003,"yaw_madgwick_raw":164.7233123779297,"yaw_static":-146.38340379247126}"
INS_GYRO_X                          0.121805
INS_GYRO_Y                          0.319969
INS_GYRO_Z                          0.150798
INS_PITCH                           -65.595612
INS_QUAT_W                          0.117096
INS_QUAT_X                          -0.007629
INS_QUAT_Y                          0.076752
INS_QUAT_Z                          -0.990082
INS_RAW_TEMPERATURE                 3306
INS_ROLL                            165.64328
INS_TEMPERATURE                     -3.306
INS_YAW                             164.723312
  -- displaying all variables --










==============================================================
uXMS_374                                              0/0(235)
==============================================================
VarName              (S)  (T)  (C)  VarValue (SCOPING:[7;32mEVENTS[0m)
-------------------  ---  ---  ---  -------------------------
DB_CLIENTS                          "uXMS_374,iSerialWitMotion,"
DB_EVENT                            "connected=uXMS_374"
DB_QOS                              "iSerialWitMotion=0.509024:0.808001:0.111103:0.370598,uXMS_374=0.353813:1.23906:0.101089:0.303745,"
DB_TIME                             1787021623.504236
DB_UPTIME                           48.661963
INS_ACCEL_X                         0
INS_ACCEL_Y                         0.000317
INS_ACCEL_Z                         1.000024
INS_DATA                            "{"accelerationX":-1.8424486960746905e-17,"accelerationY":0.00031710127950645983,"accelerationZ":1.000024437904358,"angular_velocity_x":0.11561974883079529,"angular_velocity_y":0.3108263313770294,"angular_velocity_z":0.12809506058692932,"magnetic_field_x_uT":-8.592565536499023,"magnetic_field_y_uT":-37.164180755615234,"magnetic_field_z_uT":6.934450626373291,"pitch":-0.10100000351667404,"pitch_madgwick":-76.92427062988281,"quaternion_q0":0.1170654296875,"quaternion_q1":-0.00762939453125,"quaternion_q2":0.076751708984375,"quaternion_q3":-0.990081787109375,"raw_temperature":3284.0,"roll":-9.534000396728516,"roll_madgwick":177.2493133544922,"status":"Calibrated","temperature":-3.2839999198913574,"yaw":-166.52099609375,"yaw_madgwick":156.52175903320313,"yaw_madgwick_mean":161.89330875032854,"yaw_madgwick_raw":156.52175903320313,"yaw_static":-146.38340379247126}"
INS_GYRO_X                          0.11562
INS_GYRO_Y                          0.310826
INS_GYRO_Z                          0.128095
INS_PITCH                           -76.924271
INS_QUAT_W                          0.117065
INS_QUAT_X                          -0.007629
INS_QUAT_Y                          0.076752
INS_QUAT_Z                          -0.990082
INS_RAW_TEMPERATURE                 3284
INS_ROLL                            177.249313
INS_TEMPERATURE                     -3.284
INS_YAW                             156.521759
  -- displaying all variables --










==============================================================
uXMS_374                                              0/0(238)
==============================================================
VarName              (S)  (T)  (C)  VarValue (SCOPING:[7;32mEVENTS[0m)
-------------------  ---  ---  ---  -------------------------
DB_CLIENTS                          "uXMS_374,iSerialWitMotion,"
DB_EVENT                            "connected=uXMS_374"
DB_QOS                              "iSerialWitMotion=0.509024:0.808001:0.111103:0.370598,uXMS_374=0.353813:1.23906:0.101089:0.303745,"
DB_TIME                             1787021623.504236
DB_UPTIME                           48.661963
INS_ACCEL_X                         0
INS_ACCEL_Y                         0.000329
INS_ACCEL_Z                         0.999948
INS_DATA                            "{"accelerationX":-3.815443367294745e-18,"accelerationY":0.00032864726381376386,"accelerationZ":0.9999480843544006,"angular_velocity_x":0.11605589836835861,"angular_velocity_y":0.3151291608810425,"angular_velocity_z":0.12331794202327728,"magnetic_field_x_uT":-8.599128723144531,"magnetic_field_y_uT":-37.158687591552734,"magnetic_field_z_uT":6.931056499481201,"pitch":-0.10199999809265137,"pitch_madgwick":-83.64105987548828,"quaternion_q0":0.1170654296875,"quaternion_q1":-0.00762939453125,"quaternion_q2":0.076751708984375,"quaternion_q3":-0.990081787109375,"roll":-9.534000396728516,"roll_madgwick":-134.46751403808594,"status":"Calibrated","yaw":-166.5240020751953,"yaw_madgwick":111.0685806274414,"yaw_madgwick_mean":143.54498404344454,"yaw_madgwick_raw":111.0685806274414,"yaw_static":-146.38340379247126}"
INS_GYRO_X                          0.116056
INS_GYRO_Y                          0.315129
INS_GYRO_Z                          0.123318
INS_PITCH                           -83.64106
INS_QUAT_W                          0.117065
INS_QUAT_X                          -0.007629
INS_QUAT_Y                          0.076752
INS_QUAT_Z                          -0.990082
INS_RAW_TEMPERATURE                 3295
INS_ROLL                            -134.467514
INS_TEMPERATURE                     -3.295
INS_YAW                             111.068581
  -- displaying all variables --










==============================================================
uXMS_374                                              0/0(241)
==============================================================
VarName              (S)  (T)  (C)  VarValue (SCOPING:[7;32mEVENTS[0m)
-------------------  ---  ---  ---  -------------------------
DB_CLIENTS                          "uXMS_374,iSerialWitMotion,"
DB_EVENT                            "connected=uXMS_374"
DB_QOS                              "iSerialWitMotion=0.37694:0.808001:0.111103:0.344181,uXMS_374=0.209808:1.23906:0.101089:0.274944,"
DB_TIME                             1787021625.545798
DB_UPTIME                           50.703525
INS_ACCEL_X                         0
INS_ACCEL_Y                         0.000331
INS_ACCEL_Z                         0.999931
INS_DATA                            "{"accelerationX":-5.766661723067759e-19,"accelerationY":0.00033120697480626404,"accelerationZ":0.9999311566352844,"angular_velocity_x":0.12116128951311111,"angular_velocity_y":0.2946457266807556,"angular_velocity_z":0.13334785401821136,"magnetic_field_x_uT":-8.598052024841309,"magnetic_field_y_uT":-37.15407943725586,"magnetic_field_z_uT":6.925023078918457,"pitch":-0.10100000351667404,"pitch_madgwick":-78.1887435913086,"quaternion_q0":0.117034912109375,"quaternion_q1":-0.00762939453125,"quaternion_q2":0.076751708984375,"quaternion_q3":-0.990081787109375,"raw_temperature":3306.0,"roll":-9.534000396728516,"roll_madgwick":-47.79591751098633,"status":"Calibrated","temperature":-3.305999994277954,"yaw":-166.52499389648438,"yaw_madgwick":29.246868133544922,"yaw_madgwick_mean":66.23399123239221,"yaw_madgwick_raw":29.246868133544922,"yaw_static":-146.38340379247126}"
INS_GYRO_X                          0.121161
INS_GYRO_Y                          0.294646
INS_GYRO_Z                          0.133348
INS_PITCH                           -78.188744
INS_QUAT_W                          0.117035
INS_QUAT_X                          -0.007629
INS_QUAT_Y                          0.076752
INS_QUAT_Z                          -0.990082
INS_RAW_TEMPERATURE                 3306
INS_ROLL                            -47.795918
INS_TEMPERATURE                     -3.306
INS_YAW                             29.246868
  -- displaying all variables --










==============================================================
uXMS_374                                              0/0(244)
==============================================================
VarName              (S)  (T)  (C)  VarValue (SCOPING:[7;32mEVENTS[0m)
-------------------  ---  ---  ---  -------------------------
DB_CLIENTS                          "uXMS_374,iSerialWitMotion,"
DB_EVENT                            "connected=uXMS_374"
DB_QOS                              "iSerialWitMotion=0.37694:0.808001:0.111103:0.344181,uXMS_374=0.209808:1.23906:0.101089:0.274944,"
DB_TIME                             1787021625.545798
DB_UPTIME                           50.703525
INS_ACCEL_X                         0
INS_ACCEL_Y                         0.000332
INS_ACCEL_Z                         1.000025
INS_DATA                            "{"accelerationX":-8.71573457324188e-20,"accelerationY":0.0003315938520245254,"accelerationZ":1.0000249147415161,"angular_velocity_x":0.09025025367736816,"angular_velocity_y":0.3069989085197449,"angular_velocity_z":0.12845337390899658,"magnetic_field_x_uT":-8.599580764770508,"magnetic_field_y_uT":-37.15156555175781,"magnetic_field_z_uT":6.9362382888793945,"pitch":-0.10100000351667404,"pitch_madgwick":-68.28449249267578,"quaternion_q0":0.11700439453125,"quaternion_q1":-0.00762939453125,"quaternion_q2":0.076751708984375,"quaternion_q3":-0.990081787109375,"raw_temperature":3295.0,"roll":-9.534000396728516,"roll_madgwick":-34.5488395690918,"status":"Calibrated","temperature":-3.2950000762939453,"yaw":-166.52999877929688,"yaw_madgwick":18.323347449302673,"yaw_madgwick_mean":27.566065261927182,"yaw_madgwick_raw":18.323347449302673,"yaw_static":-146.38340379247126}"
INS_GYRO_X                          0.09025
INS_GYRO_Y                          0.306999
INS_GYRO_Z                          0.128453
INS_PITCH                           -68.284492
INS_QUAT_W                          0.117004
INS_QUAT_X                          -0.007629
INS_QUAT_Y                          0.076752
INS_QUAT_Z                          -0.990082
INS_RAW_TEMPERATURE                 3295
INS_ROLL                            -34.54884
INS_TEMPERATURE                     -3.295
INS_YAW                             18.323347
  -- displaying all variables --










==============================================================
uXMS_374                                              0/0(247)
==============================================================
VarName              (S)  (T)  (C)  VarValue (SCOPING:[7;32mEVENTS[0m)
-------------------  ---  ---  ---  -------------------------
DB_CLIENTS                          "uXMS_374,iSerialWitMotion,"
DB_EVENT                            "connected=uXMS_374"
DB_QOS                              "iSerialWitMotion=0.37694:0.808001:0.111103:0.344181,uXMS_374=0.209808:1.23906:0.101089:0.274944,"
DB_TIME                             1787021625.545798
DB_UPTIME                           50.703525
INS_ACCEL_X                         0
INS_ACCEL_Y                         0.000332
INS_ACCEL_Z                         0.999943
INS_DATA                            "{"accelerationX":-1.3172963538212771e-20,"accelerationY":0.000331652321619913,"accelerationZ":0.9999427795410156,"angular_velocity_x":0.11726102232933044,"angular_velocity_y":0.32232779264450073,"angular_velocity_z":0.12644967436790466,"magnetic_field_x_uT":-8.605257987976074,"magnetic_field_y_uT":-37.147281646728516,"magnetic_field_z_uT":6.928925037384033,"pitch":-0.10100000351667404,"pitch_madgwick":-57.2618522644043,"quaternion_q0":0.116973876953125,"quaternion_q1":-0.00762939453125,"quaternion_q2":0.076751708984375,"quaternion_q3":-0.990081787109375,"raw_temperature":3295.0,"roll":-9.532999992370605,"roll_madgwick":-27.595888137817383,"status":"Calibrated","temperature":-3.2950000762939453,"yaw":-166.53500366210938,"yaw_madgwick":14.433671474456787,"yaw_madgwick_mean":17.516026175916455,"yaw_madgwick_raw":14.433671474456787,"yaw_static":-146.38340379247126}"
INS_GYRO_X                          0.117261
INS_GYRO_Y                          0.322328
INS_GYRO_Z                          0.12645
INS_PITCH                           -57.261852
INS_QUAT_W                          0.116974
INS_QUAT_X                          -0.007629
INS_QUAT_Y                          0.076752
INS_QUAT_Z                          -0.990082
INS_RAW_TEMPERATURE                 3295
INS_ROLL                            -27.595888
INS_TEMPERATURE                     -3.295
INS_YAW                             14.433671
  -- displaying all variables --










==============================================================
uXMS_374                                              0/0(250)
==============================================================
VarName              (S)  (T)  (C)  VarValue (SCOPING:[7;32mEVENTS[0m)
-------------------  ---  ---  ---  -------------------------
DB_CLIENTS                          "uXMS_374,iSerialWitMotion,"
DB_EVENT                            "connected=uXMS_374"
DB_QOS                              "iSerialWitMotion=0.511885:0.808001:0.111103:0.37117,uXMS_374=0.571966:1.23906:0.101089:0.347376,"
DB_TIME                             1787021627.588801
DB_UPTIME                           52.746528
INS_ACCEL_X                         0
INS_ACCEL_Y                         0.000332
INS_ACCEL_Z                         1.000027
INS_DATA                            "{"accelerationX":-1.9909619382072662e-21,"accelerationY":0.00033166116918437183,"accelerationZ":1.0000265836715698,"angular_velocity_x":0.10052577406167984,"angular_velocity_y":0.3077681362628937,"angular_velocity_z":0.12741078436374664,"magnetic_field_x_uT":-8.607519149780273,"magnetic_field_y_uT":-37.14994430541992,"magnetic_field_z_uT":6.9330902099609375,"pitch":-0.10199999809265137,"pitch_madgwick":-45.83198928833008,"quaternion_q0":0.116943359375,"quaternion_q1":-0.00762939453125,"quaternion_q2":0.076751708984375,"quaternion_q3":-0.990081787109375,"raw_temperature":3295.0,"roll":-9.532999992370605,"roll_madgwick":-23.462717056274414,"status":"Calibrated","temperature":-3.2950000762939453,"yaw":-166.53700256347656,"yaw_madgwick":13.047958850860596,"yaw_madgwick_mean":14.224674123828398,"yaw_madgwick_raw":13.047958850860596,"yaw_static":-146.38340379247126}"
INS_GYRO_X                          0.100526
INS_GYRO_Y                          0.307768
INS_GYRO_Z                          0.127411
INS_PITCH                           -45.831989
INS_QUAT_W                          0.116943
INS_QUAT_X                          -0.007629
INS_QUAT_Y                          0.076752
INS_QUAT_Z                          -0.990082
INS_RAW_TEMPERATURE                 3295
INS_ROLL                            -23.462717
INS_TEMPERATURE                     -3.295
INS_YAW                             13.047959
  -- displaying all variables --










==============================================================
uXMS_374                                              0/0(253)
==============================================================
VarName              (S)  (T)  (C)  VarValue (SCOPING:[7;32mEVENTS[0m)
-------------------  ---  ---  ---  -------------------------
DB_CLIENTS                          "uXMS_374,iSerialWitMotion,"
DB_EVENT                            "connected=uXMS_374"
DB_QOS                              "iSerialWitMotion=0.511885:0.808001:0.111103:0.37117,uXMS_374=0.571966:1.23906:0.101089:0.347376,"
DB_TIME                             1787021627.588801
DB_UPTIME                           52.746528
INS_ACCEL_X                         0
INS_ACCEL_Y                         0.000332
INS_ACCEL_Z                         1.000077
INS_DATA                            "{"accelerationX":-3.0091405938775445e-22,"accelerationY":0.00033166250796057284,"accelerationZ":1.0000767707824707,"angular_velocity_x":0.11881406605243683,"angular_velocity_y":0.3113550543785095,"angular_velocity_z":0.15140090882778168,"magnetic_field_x_uT":-8.614350318908691,"magnetic_field_y_uT":-37.158233642578125,"magnetic_field_z_uT":6.926388263702393,"pitch":-0.10199999809265137,"pitch_madgwick":-32.42697525024414,"quaternion_q0":0.116912841796875,"quaternion_q1":-0.00762939453125,"quaternion_q2":0.076751708984375,"quaternion_q3":-0.990081787109375,"raw_temperature":3306.0,"roll":-9.534000396728516,"roll_madgwick":-18.95563316345215,"status":"Calibrated","temperature":-3.305999994277954,"yaw":-166.54200744628906,"yaw_madgwick":13.21044635772705,"yaw_madgwick_mean":13.07482452194702,"yaw_madgwick_raw":13.21044635772705,"yaw_static":-146.38340379247126}"
INS_GYRO_X                          0.118814
INS_GYRO_Y                          0.311355
INS_GYRO_Z                          0.151401
INS_PITCH                           -32.426975
INS_QUAT_W                          0.116913
INS_QUAT_X                          -0.007629
INS_QUAT_Y                          0.076752
INS_QUAT_Z                          -0.990082
INS_RAW_TEMPERATURE                 3306
INS_ROLL                            -18.955633
INS_TEMPERATURE                     -3.306
INS_YAW                             13.210446
  -- displaying all variables --










==============================================================
uXMS_374                                              0/0(256)
==============================================================
VarName              (S)  (T)  (C)  VarValue (SCOPING:[7;32mEVENTS[0m)
-------------------  ---  ---  ---  -------------------------
DB_CLIENTS                          "uXMS_374,iSerialWitMotion,"
DB_EVENT                            "connected=uXMS_374"
DB_QOS                              "iSerialWitMotion=0.511885:0.808001:0.111103:0.37117,uXMS_374=0.571966:1.23906:0.101089:0.347376,"
DB_TIME                             1787021627.588801
DB_UPTIME                           52.746528
INS_ACCEL_X                         0
INS_ACCEL_Y                         0.000332
INS_ACCEL_Z                         1.000048
INS_DATA                            "{"accelerationX":-4.548015674793992e-23,"accelerationY":0.00033166271168738604,"accelerationZ":1.0000481605529785,"angular_velocity_x":0.10954374074935913,"angular_velocity_y":0.3148929476737976,"angular_velocity_z":0.13118192553520203,"magnetic_field_x_uT":-8.607269287109375,"magnetic_field_y_uT":-37.16081619262695,"magnetic_field_z_uT":6.935461521148682,"pitch":-0.10100000351667404,"pitch_madgwick":-20.961315155029297,"quaternion_q0":0.11688232421875,"quaternion_q1":-0.00762939453125,"quaternion_q2":0.076751708984375,"quaternion_q3":-0.9901123046875,"raw_temperature":3284.0,"roll":-9.534000396728516,"roll_madgwick":-15.343000411987305,"status":"Calibrated","temperature":-3.2839999198913574,"yaw":-166.54400634765625,"yaw_madgwick":11.957520484924316,"yaw_madgwick_mean":12.274963045884027,"yaw_madgwick_raw":11.957520484924316,"yaw_static":-146.38340379247126}"
INS_GYRO_X                          0.109544
INS_GYRO_Y                          0.314893
INS_GYRO_Z                          0.131182
INS_PITCH                           -20.961315
INS_QUAT_W                          0.116882
INS_QUAT_X                          -0.007629
INS_QUAT_Y                          0.076752
INS_QUAT_Z                          -0.990112
INS_RAW_TEMPERATURE                 3284
INS_ROLL                            -15.343
INS_TEMPERATURE                     -3.284
INS_YAW                             11.95752
  -- displaying all variables --










==============================================================
uXMS_374                                              0/0(259)
==============================================================
VarName              (S)  (T)  (C)  VarValue (SCOPING:[7;32mEVENTS[0m)
-------------------  ---  ---  ---  -------------------------
DB_CLIENTS                          "uXMS_374,iSerialWitMotion,"
DB_EVENT                            "connected=uXMS_374"
DB_QOS                              "iSerialWitMotion=0.511885:0.808001:0.111103:0.37117,uXMS_374=0.571966:1.23906:0.101089:0.347376,"
DB_TIME                             1787021627.588801
DB_UPTIME                           52.746528
INS_ACCEL_X                         0
INS_ACCEL_Y                         0.000294
INS_ACCEL_Z                         0.999953
INS_DATA                            "{"accelerationX":-9.418278978332414e-24,"accelerationY":0.0002942340215668082,"accelerationZ":0.9999529719352722,"angular_velocity_x":0.10276323556900024,"angular_velocity_y":0.2951536476612091,"angular_velocity_z":0.12395718693733215,"magnetic_field_x_uT":-8.604108810424805,"magnetic_field_y_uT":-37.147220611572266,"magnetic_field_z_uT":6.925251007080078,"pitch":-0.10199999809265137,"pitch_madgwick":-10.789467811584473,"quaternion_q0":0.116851806640625,"quaternion_q1":-0.00762939453125,"quaternion_q2":0.076751708984375,"quaternion_q3":-0.9901123046875,"raw_temperature":3284.0,"roll":-9.534000396728516,"roll_madgwick":-12.685234069824219,"status":"Calibrated","temperature":-3.2839999198913574,"yaw":-166.54800415039063,"yaw_madgwick":14.208483695983887,"yaw_madgwick_mean":11.996482098382634,"yaw_madgwick_raw":14.208483695983887,"yaw_static":-146.38340379247126}"
INS_GYRO_X                          0.102763
INS_GYRO_Y                          0.295154
INS_GYRO_Z                          0.123957
INS_PITCH                           -10.789468
INS_QUAT_W                          0.116852
INS_QUAT_X                          -0.007629
INS_QUAT_Y                          0.076752
INS_QUAT_Z                          -0.990112
INS_RAW_TEMPERATURE                 3284
INS_ROLL                            -12.685234
INS_TEMPERATURE                     -3.284
INS_YAW                             14.208484
  -- displaying all variables --










==============================================================
uXMS_374                                              0/0(262)
==============================================================
VarName              (S)  (T)  (C)  VarValue (SCOPING:[7;32mEVENTS[0m)
-------------------  ---  ---  ---  -------------------------
DB_CLIENTS                          "uXMS_374,iSerialWitMotion,"
DB_EVENT                            "connected=uXMS_374"
DB_QOS                              "iSerialWitMotion=0.517845:0.808001:0.111103:0.372362,uXMS_374=0.312805:1.23906:0.101089:0.295544,"
DB_TIME                             1787021629.601643
DB_UPTIME                           54.75937
INS_ACCEL_X                         0
INS_ACCEL_Y                         0.000326
INS_ACCEL_Z                         0.999932
INS_DATA                            "{"accelerationX":-1.4234788944801669e-24,"accelerationY":0.00032600577105768025,"accelerationZ":0.9999318718910217,"angular_velocity_x":0.11573759466409683,"angular_velocity_y":0.3156954348087311,"angular_velocity_z":0.12235549092292786,"magnetic_field_x_uT":-8.605868339538574,"magnetic_field_y_uT":-37.164546966552734,"magnetic_field_z_uT":6.932995796203613,"pitch":-0.10100000351667404,"pitch_madgwick":-0.4964183568954468,"quaternion_q0":0.1168212890625,"quaternion_q1":-0.00762939453125,"quaternion_q2":0.076751708984375,"quaternion_q3":-0.9901123046875,"raw_temperature":3317.0,"roll":-9.534000396728516,"roll_madgwick":-8.426824569702148,"status":"Calibrated","temperature":-3.316999912261963,"yaw":-166.55099487304688,"yaw_madgwick":9.92939281463623,"yaw_madgwick_mean":11.690448157434234,"yaw_madgwick_raw":9.92939281463623,"yaw_static":-146.38340379247126}"
INS_GYRO_X                          0.115738
INS_GYRO_Y                          0.315695
INS_GYRO_Z                          0.122355
INS_PITCH                           -0.496418
INS_QUAT_W                          0.116821
INS_QUAT_X                          -0.007629
INS_QUAT_Y                          0.076752
INS_QUAT_Z                          -0.990112
INS_RAW_TEMPERATURE                 3317
INS_ROLL                            -8.426825
INS_TEMPERATURE                     -3.317
INS_YAW                             9.929393
  -- displaying all variables --










==============================================================
uXMS_374                                              0/0(265)
==============================================================
VarName              (S)  (T)  (C)  VarValue (SCOPING:[7;32mEVENTS[0m)
-------------------  ---  ---  ---  -------------------------
DB_CLIENTS                          "uXMS_374,iSerialWitMotion,"
DB_EVENT                            "connected=uXMS_374"
DB_QOS                              "iSerialWitMotion=0.517845:0.808001:0.111103:0.372362,uXMS_374=0.312805:1.23906:0.101089:0.295544,"
DB_TIME                             1787021629.601643
DB_UPTIME                           54.75937
INS_ACCEL_X                         0
INS_ACCEL_Y                         0.000331
INS_ACCEL_Z                         1.000007
INS_DATA                            "{"accelerationX":-2.151446541743424e-25,"accelerationY":0.00033080772846005857,"accelerationZ":1.0000072717666626,"angular_velocity_x":0.12111318111419678,"angular_velocity_y":0.31554895639419556,"angular_velocity_z":0.1302066296339035,"magnetic_field_x_uT":-8.599239349365234,"magnetic_field_y_uT":-37.163795471191406,"magnetic_field_z_uT":6.94011116027832,"pitch":-0.10100000351667404,"pitch_madgwick":9.60845947265625,"quaternion_q0":0.1168212890625,"quaternion_q1":-0.00762939453125,"quaternion_q2":0.076751708984375,"quaternion_q3":-0.9901123046875,"raw_temperature":3284.0,"roll":-9.534000396728516,"roll_madgwick":-4.249971389770508,"status":"Calibrated","temperature":-3.2839999198913574,"yaw":-166.55299377441406,"yaw_madgwick":11.57101058959961,"yaw_madgwick_mean":10.832758745599344,"yaw_madgwick_raw":11.57101058959961,"yaw_static":-146.38340379247126}"
INS_GYRO_X                          0.121113
INS_GYRO_Y                          0.315549
INS_GYRO_Z                          0.130207
INS_PITCH                           9.608459
INS_QUAT_W                          0.116821
INS_QUAT_X                          -0.007629
INS_QUAT_Y                          0.076752
INS_QUAT_Z                          -0.990112
INS_RAW_TEMPERATURE                 3284
INS_ROLL                            -4.249971
INS_TEMPERATURE                     -3.284
INS_YAW                             11.571011
  -- displaying all variables --










==============================================================
uXMS_374                                              0/0(268)
==============================================================
VarName              (S)  (T)  (C)  VarValue (SCOPING:[7;32mEVENTS[0m)
-------------------  ---  ---  ---  -------------------------
DB_CLIENTS                          "uXMS_374,iSerialWitMotion,"
DB_EVENT                            "connected=uXMS_374"
DB_QOS                              "iSerialWitMotion=0.517845:0.808001:0.111103:0.372362,uXMS_374=0.312805:1.23906:0.101089:0.295544,"
DB_TIME                             1787021629.601643
DB_UPTIME                           54.75937
INS_ACCEL_X                         0
INS_ACCEL_Y                         0.000332
INS_ACCEL_Z                         1.000038
INS_DATA                            "{"accelerationX":-3.2516966691238636e-26,"accelerationY":0.0003315335197839886,"accelerationZ":1.000037670135498,"angular_velocity_x":0.11724705994129181,"angular_velocity_y":0.31015822291374207,"angular_velocity_z":0.12330003082752228,"magnetic_field_x_uT":-8.590326309204102,"magnetic_field_y_uT":-37.15985870361328,"magnetic_field_z_uT":6.9380784034729,"pitch":-0.10199999809265137,"pitch_madgwick":20.321565628051758,"quaternion_q0":0.116790771484375,"quaternion_q1":-0.00762939453125,"quaternion_q2":0.076751708984375,"quaternion_q3":-0.9901123046875,"raw_temperature":3306.0,"roll":-9.534000396728516,"roll_madgwick":0.07567517459392548,"status":"Calibrated","temperature":-3.305999994277954,"yaw":-166.5570068359375,"yaw_madgwick":19.37996929883957,"yaw_madgwick_mean":14.940921757969976,"yaw_madgwick_raw":19.37996929883957,"yaw_static":-146.38340379247126}"
INS_GYRO_X                          0.117247
INS_GYRO_Y                          0.310158
INS_GYRO_Z                          0.1233
INS_PITCH                           20.321566
INS_QUAT_W                          0.116791
INS_QUAT_X                          -0.007629
INS_QUAT_Y                          0.076752
INS_QUAT_Z                          -0.990112
INS_RAW_TEMPERATURE                 3306
INS_ROLL                            0.075675
INS_TEMPERATURE                     -3.306
INS_YAW                             19.379969
  -- displaying all variables --










==============================================================
uXMS_374                                              0/0(271)
==============================================================
VarName              (S)  (T)  (C)  VarValue (SCOPING:[7;32mEVENTS[0m)
-------------------  ---  ---  ---  -------------------------
DB_CLIENTS                          "uXMS_374,iSerialWitMotion,"
DB_EVENT                            "connected=uXMS_374"
DB_QOS                              "iSerialWitMotion=0.319958:0.808001:0.111103:0.332785,uXMS_374=0.335932:1.23906:0.101089:0.300169,"
DB_TIME                             1787021631.615576
DB_UPTIME                           56.773305
INS_ACCEL_X                         0
INS_ACCEL_Y                         0.000332
INS_ACCEL_Z                         1.000015
INS_DATA                            "{"accelerationX":-4.914615380292559e-27,"accelerationY":0.00033164321212098,"accelerationZ":1.0000150203704834,"angular_velocity_x":0.12775170803070068,"angular_velocity_y":0.3200824558734894,"angular_velocity_z":0.14515557885169983,"magnetic_field_x_uT":-8.602771759033203,"magnetic_field_y_uT":-37.16370391845703,"magnetic_field_z_uT":6.9314422607421875,"pitch":-0.10199999809265137,"pitch_madgwick":28.58075714111328,"quaternion_q0":0.11676025390625,"quaternion_q1":-0.00762939453125,"quaternion_q2":0.076751708984375,"quaternion_q3":-0.9901123046875,"raw_temperature":3295.0,"roll":-9.534000396728516,"roll_madgwick":6.061852931976318,"status":"Calibrated","temperature":-3.2950000762939453,"yaw":-166.5590057373047,"yaw_madgwick":23.455190420150757,"yaw_madgwick_mean":19.77472783329937,"yaw_madgwick_raw":23.455190420150757,"yaw_static":-146.38340379247126}"
INS_GYRO_X                          0.127752
INS_GYRO_Y                          0.320082
INS_GYRO_Z                          0.145156
INS_PITCH                           28.580757
INS_QUAT_W                          0.11676
INS_QUAT_X                          -0.007629
INS_QUAT_Y                          0.076752
INS_QUAT_Z                          -0.990112
INS_RAW_TEMPERATURE                 3295
INS_ROLL                            6.061853
INS_TEMPERATURE                     -3.295
INS_YAW                             23.45519
  -- displaying all variables --










==============================================================
uXMS_374                                              0/0(274)
==============================================================
VarName              (S)  (T)  (C)  VarValue (SCOPING:[7;32mEVENTS[0m)
-------------------  ---  ---  ---  -------------------------
DB_CLIENTS                          "uXMS_374,iSerialWitMotion,"
DB_EVENT                            "connected=uXMS_374"
DB_QOS                              "iSerialWitMotion=0.319958:0.808001:0.111103:0.332785,uXMS_374=0.335932:1.23906:0.101089:0.300169,"
DB_TIME                             1787021631.615576
DB_UPTIME                           56.773305
INS_ACCEL_X                         0
INS_ACCEL_Y                         0.000235
INS_ACCEL_Z                         0.999969
INS_DATA                            "{"accelerationX":-7.427950683636996e-28,"accelerationY":0.00023538447567261755,"accelerationZ":0.9999685883522034,"angular_velocity_x":0.11825040727853775,"angular_velocity_y":0.31084340810775757,"angular_velocity_z":0.16286608576774597,"magnetic_field_x_uT":-8.597014427185059,"magnetic_field_y_uT":-37.161685943603516,"magnetic_field_z_uT":6.921844482421875,"pitch":-0.10199999809265137,"pitch_madgwick":35.70553207397461,"quaternion_q0":0.116729736328125,"quaternion_q1":-0.007598876953125,"quaternion_q2":0.076751708984375,"quaternion_q3":-0.9901123046875,"raw_temperature":3295.0,"roll":-9.534000396728516,"roll_madgwick":12.899572372436523,"status":"Calibrated","temperature":-3.2950000762939453,"yaw":-166.56300354003906,"yaw_madgwick":32.63388633728027,"yaw_madgwick_mean":27.794854149877356,"yaw_madgwick_raw":32.63388633728027,"yaw_static":-146.38340379247126}"
INS_GYRO_X                          0.11825
INS_GYRO_Y                          0.310843
INS_GYRO_Z                          0.162866
INS_PITCH                           35.705532
INS_QUAT_W                          0.11673
INS_QUAT_X                          -0.007599
INS_QUAT_Y                          0.076752
INS_QUAT_Z                          -0.990112
INS_RAW_TEMPERATURE                 3295
INS_ROLL                            12.899572
INS_TEMPERATURE                     -3.295
INS_YAW                             32.633886
  -- displaying all variables --










==============================================================
uXMS_374                                              0/0(277)
==============================================================
VarName              (S)  (T)  (C)  VarValue (SCOPING:[7;32mEVENTS[0m)
-------------------  ---  ---  ---  -------------------------
DB_CLIENTS                          "uXMS_374,iSerialWitMotion,"
DB_EVENT                            "connected=uXMS_374"
DB_QOS                              "iSerialWitMotion=0.319958:0.808001:0.111103:0.332785,uXMS_374=0.335932:1.23906:0.101089:0.300169,"
DB_TIME                             1787021631.615576
DB_UPTIME                           56.773305
INS_ACCEL_X                         0
INS_ACCEL_Y                         0.000317
INS_ACCEL_Z                         1.000155
INS_DATA                            "{"accelerationX":-1.122660675769777e-28,"accelerationY":0.00031711123301647604,"accelerationZ":1.0001548528671265,"angular_velocity_x":0.11681438237428665,"angular_velocity_y":0.3214814364910126,"angular_velocity_z":0.14684444665908813,"magnetic_field_x_uT":-8.581565856933594,"magnetic_field_y_uT":-37.15147018432617,"magnetic_field_z_uT":6.936887264251709,"pitch":-0.10100000351667404,"pitch_madgwick":43.349334716796875,"quaternion_q0":0.116729736328125,"quaternion_q1":-0.007598876953125,"quaternion_q2":0.076751708984375,"quaternion_q3":-0.9901123046875,"raw_temperature":3306.0,"roll":-9.534000396728516,"roll_madgwick":22.7468318939209,"status":"Calibrated","temperature":-3.305999994277954,"yaw":-166.56300354003906,"yaw_madgwick":44.1153621673584,"yaw_madgwick_mean":37.51148052248788,"yaw_madgwick_raw":44.1153621673584,"yaw_static":-146.38340379247126}"
INS_GYRO_X                          0.116814
INS_GYRO_Y                          0.321481
INS_GYRO_Z                          0.146844
INS_PITCH                           43.349335
INS_QUAT_W                          0.11673
INS_QUAT_X                          -0.007599
INS_QUAT_Y                          0.076752
INS_QUAT_Z                          -0.990112
INS_RAW_TEMPERATURE                 3306
INS_ROLL                            22.746832
INS_TEMPERATURE                     -3.306
INS_YAW                             44.115362
  -- displaying all variables --










==============================================================
uXMS_374                                              0/0(280)
==============================================================
VarName              (S)  (T)  (C)  VarValue (SCOPING:[7;32mEVENTS[0m)
-------------------  ---  ---  ---  -------------------------
DB_CLIENTS                          "uXMS_374,iSerialWitMotion,"
DB_EVENT                            "connected=uXMS_374"
DB_QOS                              "iSerialWitMotion=0.540972:0.808001:0.111103:0.376987,uXMS_374=0.149012:1.23906:0.101089:0.262785,"
DB_TIME                             1787021633.631322
DB_UPTIME                           58.78905
INS_ACCEL_X                         0
INS_ACCEL_Y                         0.000292
INS_ACCEL_Z                         0.999962
INS_DATA                            "{"accelerationX":-1.6967897209147802e-29,"accelerationY":0.00029203473241068423,"accelerationZ":0.9999623894691467,"angular_velocity_x":0.12556706368923187,"angular_velocity_y":0.3140506148338318,"angular_velocity_z":0.12581467628479004,"magnetic_field_x_uT":-8.602737426757813,"magnetic_field_y_uT":-37.16026306152344,"magnetic_field_z_uT":6.930621147155762,"pitch":-0.10199999809265137,"pitch_madgwick":52.9561882019043,"quaternion_q0":0.11669921875,"quaternion_q1":-0.007598876953125,"quaternion_q2":0.076751708984375,"quaternion_q3":-0.9901123046875,"raw_temperature":3317.0,"roll":-9.53499984741211,"roll_madgwick":39.54249572753906,"status":"Calibrated","temperature":-3.316999912261963,"yaw":-166.56700134277344,"yaw_madgwick":57.95698547363281,"yaw_madgwick_mean":49.01791031571239,"yaw_madgwick_raw":57.95698547363281,"yaw_static":-146.38340379247126}"
INS_GYRO_X                          0.125567
INS_GYRO_Y                          0.314051
INS_GYRO_Z                          0.125815
INS_PITCH                           52.956188
INS_QUAT_W                          0.116699
INS_QUAT_X                          -0.007599
INS_QUAT_Y                          0.076752
INS_QUAT_Z                          -0.990112
INS_RAW_TEMPERATURE                 3317
INS_ROLL                            39.542496
INS_TEMPERATURE                     -3.317
INS_YAW                             57.956985
  -- displaying all variables --










==============================================================
uXMS_374                                              0/0(283)
==============================================================
VarName              (S)  (T)  (C)  VarValue (SCOPING:[7;32mEVENTS[0m)
-------------------  ---  ---  ---  -------------------------
DB_CLIENTS                          "uXMS_374,iSerialWitMotion,"
DB_EVENT                            "connected=uXMS_374"
DB_QOS                              "iSerialWitMotion=0.540972:0.808001:0.111103:0.376987,uXMS_374=0.149012:1.23906:0.101089:0.262785,"
DB_TIME                             1787021633.631322
DB_UPTIME                           58.78905
INS_ACCEL_X                         0
INS_ACCEL_Y                         0.000326
INS_ACCEL_Z                         0.999933
INS_DATA                            "{"accelerationX":-2.5645284411776634e-30,"accelerationY":0.00032567334710620344,"accelerationZ":0.9999333024024963,"angular_velocity_x":0.11381556838750839,"angular_velocity_y":0.30183854699134827,"angular_velocity_z":0.13246126472949982,"magnetic_field_x_uT":-8.595052719116211,"magnetic_field_y_uT":-37.15497970581055,"magnetic_field_z_uT":6.921250343322754,"pitch":-0.29600000381469727,"pitch_madgwick":57.03293991088867,"quaternion_q0":0.1170654296875,"quaternion_q1":-0.009490966796875,"quaternion_q2":0.076507568359375,"quaternion_q3":-0.990081787109375,"raw_temperature":3295.0,"roll":-9.531000137329102,"roll_madgwick":62.43977355957031,"status":"Calibrated","temperature":-3.2950000762939453,"yaw":-166.50999450683594,"yaw_madgwick":79.80093765258789,"yaw_madgwick_mean":66.69028267929943,"yaw_madgwick_raw":79.80093765258789,"yaw_static":-146.38340379247126}"
INS_GYRO_X                          0.113816
INS_GYRO_Y                          0.301839
INS_GYRO_Z                          0.132461
INS_PITCH                           57.03294
INS_QUAT_W                          0.117065
INS_QUAT_X                          -0.009491
INS_QUAT_Y                          0.076508
INS_QUAT_Z                          -0.990082
INS_RAW_TEMPERATURE                 3295
INS_ROLL                            62.439774
INS_TEMPERATURE                     -3.295
INS_YAW                             79.800938
  -- displaying all variables --










==============================================================
uXMS_374                                              0/0(286)
==============================================================
VarName              (S)  (T)  (C)  VarValue (SCOPING:[7;32mEVENTS[0m)
-------------------  ---  ---  ---  -------------------------
DB_CLIENTS                          "uXMS_374,iSerialWitMotion,"
DB_EVENT                            "connected=uXMS_374"
DB_QOS                              "iSerialWitMotion=0.540972:0.808001:0.111103:0.376987,uXMS_374=0.149012:1.23906:0.101089:0.262785,"
DB_TIME                             1787021633.631322
DB_UPTIME                           58.78905
INS_ACCEL_X                         0
INS_ACCEL_Y                         0.000293
INS_ACCEL_Z                         0.999929
INS_DATA                            "{"accelerationX":-3.8760289930228586e-31,"accelerationY":0.00029332880512811244,"accelerationZ":0.9999289512634277,"angular_velocity_x":0.12082268297672272,"angular_velocity_y":0.3080860376358032,"angular_velocity_z":0.14654020965099335,"magnetic_field_x_uT":-8.597187995910645,"magnetic_field_y_uT":-37.15767288208008,"magnetic_field_z_uT":6.940603733062744,"pitch":-0.46399998664855957,"pitch_madgwick":55.34611511230469,"quaternion_q0":0.11737060546875,"quaternion_q1":-0.0108642578125,"quaternion_q2":0.076324462890625,"quaternion_q3":-0.99005126953125,"raw_temperature":3295.0,"roll":-9.531000137329102,"roll_madgwick":84.06338500976563,"status":"Calibrated","temperature":-3.2950000762939453,"yaw":-166.46400451660156,"yaw_madgwick":101.21218872070313,"yaw_madgwick_mean":87.7598155895763,"yaw_madgwick_raw":101.21218872070313,"yaw_static":-146.38340379247126}"
INS_GYRO_X                          0.120823
INS_GYRO_Y                          0.308086
INS_GYRO_Z                          0.14654
INS_PITCH                           55.346115
INS_QUAT_W                          0.117371
INS_QUAT_X                          -0.010864
INS_QUAT_Y                          0.076324
INS_QUAT_Z                          -0.990051
INS_RAW_TEMPERATURE                 3295
INS_ROLL                            84.063385
INS_TEMPERATURE                     -3.295
INS_YAW                             101.212189
  -- displaying all variables --










==============================================================
uXMS_374                                              0/0(289)
==============================================================
VarName              (S)  (T)  (C)  VarValue (SCOPING:[7;32mEVENTS[0m)
-------------------  ---  ---  ---  -------------------------
DB_CLIENTS                          "uXMS_374,iSerialWitMotion,"
DB_EVENT                            "connected=uXMS_374"
DB_QOS                              "iSerialWitMotion=0.540972:0.808001:0.111103:0.376987,uXMS_374=0.149012:1.23906:0.101089:0.262785,"
DB_TIME                             1787021633.631322
DB_UPTIME                           58.78905
INS_ACCEL_X                         0
INS_ACCEL_Y                         0.000275
INS_ACCEL_Z                         1.00006
INS_DATA                            "{"accelerationX":-5.858231262577178e-32,"accelerationY":0.00027458579279482365,"accelerationZ":1.0000602006912231,"angular_velocity_x":0.09859488159418106,"angular_velocity_y":0.3264332711696625,"angular_velocity_z":0.11935829371213913,"magnetic_field_x_uT":-8.60251522064209,"magnetic_field_y_uT":-37.16939163208008,"magnetic_field_z_uT":6.936028957366943,"pitch":-0.5550000071525574,"pitch_madgwick":50.835052490234375,"quaternion_q0":0.11749267578125,"quaternion_q1":-0.01165771484375,"quaternion_q2":0.07623291015625,"quaternion_q3":-0.990020751953125,"raw_temperature":3317.0,"roll":-9.531000137329102,"roll_madgwick":102.25285339355469,"status":"Calibrated","temperature":-3.316999912261963,"yaw":-166.43800354003906,"yaw_madgwick":119.23509216308594,"yaw_madgwick_mean":107.90722773458015,"yaw_madgwick_raw":119.23509216308594,"yaw_static":-146.38340379247126}"
INS_GYRO_X                          0.098595
INS_GYRO_Y                          0.326433
INS_GYRO_Z                          0.119358
INS_PITCH                           50.835052
INS_QUAT_W                          0.117493
INS_QUAT_X                          -0.011658
INS_QUAT_Y                          0.076233
INS_QUAT_Z                          -0.990021
INS_RAW_TEMPERATURE                 3317
INS_ROLL                            102.252853
INS_TEMPERATURE                     -3.317
INS_YAW                             119.235092
  -- displaying all variables --










==============================================================
uXMS_374                                              0/0(292)
==============================================================
VarName              (S)  (T)  (C)  VarValue (SCOPING:[7;32mEVENTS[0m)
-------------------  ---  ---  ---  -------------------------
DB_CLIENTS                          "uXMS_374,iSerialWitMotion,"
DB_EVENT                            "connected=uXMS_374"
DB_QOS                              "iSerialWitMotion=0.188828:0.808001:0.111103:0.306559,uXMS_374=0.520945:1.23906:0.101089:0.337172,"
DB_TIME                             1787021635.645617
DB_UPTIME                           60.803345
INS_ACCEL_X                         0
INS_ACCEL_Y                         0.000323
INS_ACCEL_Z                         0.999999
INS_DATA                            "{"accelerationX":-8.85413201766056e-33,"accelerationY":0.00032303613261319697,"accelerationZ":0.9999994039535522,"angular_velocity_x":0.11852222681045532,"angular_velocity_y":0.32829228043556213,"angular_velocity_z":0.15359848737716675,"magnetic_field_x_uT":-8.592780113220215,"magnetic_field_y_uT":-37.15871810913086,"magnetic_field_z_uT":6.929727554321289,"pitch":-0.6060000061988831,"pitch_madgwick":42.324981689453125,"quaternion_q0":0.1175537109375,"quaternion_q1":-0.0120849609375,"quaternion_q2":0.076202392578125,"quaternion_q3":-0.990020751953125,"raw_temperature":3317.0,"roll":-9.531999588012695,"roll_madgwick":114.64311218261719,"status":"Calibrated","temperature":-3.316999912261963,"yaw":-166.4290008544922,"yaw_madgwick":131.6189727783203,"yaw_madgwick_mean":124.04505668194825,"yaw_madgwick_raw":131.6189727783203,"yaw_static":-146.38340379247126}"
INS_GYRO_X                          0.118522
INS_GYRO_Y                          0.328292
INS_GYRO_Z                          0.153598
INS_PITCH                           42.324982
INS_QUAT_W                          0.117554
INS_QUAT_X                          -0.012085
INS_QUAT_Y                          0.076202
INS_QUAT_Z                          -0.990021
INS_RAW_TEMPERATURE                 3317
INS_ROLL                            114.643112
INS_TEMPERATURE                     -3.317
INS_YAW                             131.618973
  -- displaying all variables --










==============================================================
uXMS_374                                              0/0(295)
==============================================================
VarName              (S)  (T)  (C)  VarValue (SCOPING:[7;32mEVENTS[0m)
-------------------  ---  ---  ---  -------------------------
DB_CLIENTS                          "uXMS_374,iSerialWitMotion,"
DB_EVENT                            "connected=uXMS_374"
DB_QOS                              "iSerialWitMotion=0.188828:0.808001:0.111103:0.306559,uXMS_374=0.520945:1.23906:0.101089:0.337172,"
DB_TIME                             1787021635.645617
DB_UPTIME                           60.803345
INS_ACCEL_X                         0
INS_ACCEL_Y                         0.00033
INS_ACCEL_Z                         0.999943
INS_DATA                            "{"accelerationX":-1.8335619860225206e-33,"accelerationY":0.00032987628947012126,"accelerationZ":0.9999428987503052,"angular_velocity_x":0.09821216017007828,"angular_velocity_y":0.3187461197376251,"angular_velocity_z":0.1262264847755432,"magnetic_field_x_uT":-8.605999946594238,"magnetic_field_y_uT":-37.1668815612793,"magnetic_field_z_uT":6.9376726150512695,"pitch":-0.6320000290870667,"pitch_madgwick":34.854854583740234,"quaternion_q0":0.11761474609375,"quaternion_q1":-0.012298583984375,"quaternion_q2":0.076202392578125,"quaternion_q3":-0.990020751953125,"raw_temperature":3306.0,"roll":-9.534000396728516,"roll_madgwick":123.44293975830078,"status":"Calibrated","temperature":-3.305999994277954,"yaw":-166.4199981689453,"yaw_madgwick":140.60221099853516,"yaw_madgwick_mean":134.04776253683966,"yaw_madgwick_raw":140.60221099853516,"yaw_static":-146.38340379247126}"
INS_GYRO_X                          0.098212
INS_GYRO_Y                          0.318746
INS_GYRO_Z                          0.126226
INS_PITCH                           34.854855
INS_QUAT_W                          0.117615
INS_QUAT_X                          -0.012299
INS_QUAT_Y                          0.076202
INS_QUAT_Z                          -0.990021
INS_RAW_TEMPERATURE                 3306
INS_ROLL                            123.44294
INS_TEMPERATURE                     -3.306
INS_YAW                             140.602211
  -- displaying all variables --










==============================================================
uXMS_374                                              0/0(298)
==============================================================
VarName              (S)  (T)  (C)  VarValue (SCOPING:[7;32mEVENTS[0m)
-------------------  ---  ---  ---  -------------------------
DB_CLIENTS                          "uXMS_374,iSerialWitMotion,"
DB_EVENT                            "connected=uXMS_374"
DB_QOS                              "iSerialWitMotion=0.188828:0.808001:0.111103:0.306559,uXMS_374=0.520945:1.23906:0.101089:0.337172,"
DB_TIME                             1787021635.645617
DB_UPTIME                           60.803345
INS_ACCEL_X                         0
INS_ACCEL_Y                         0.000331
INS_ACCEL_Z                         1.000141
INS_DATA                            "{"accelerationX":-2.771246069574034e-34,"accelerationY":0.0003313927445560694,"accelerationZ":1.000140905380249,"angular_velocity_x":0.10197535902261734,"angular_velocity_y":0.2997075021266937,"angular_velocity_z":0.12269847095012665,"magnetic_field_x_uT":-8.597625732421875,"magnetic_field_y_uT":-37.14396667480469,"magnetic_field_z_uT":6.942280292510986,"pitch":-0.6460000276565552,"pitch_madgwick":25.4865665435791,"quaternion_q0":0.117645263671875,"quaternion_q1":-0.012420654296875,"quaternion_q2":0.076141357421875,"quaternion_q3":-0.989990234375,"raw_temperature":3306.0,"roll":-9.531000137329102,"roll_madgwick":129.7820587158203,"status":"Calibrated","temperature":-3.305999994277954,"yaw":-166.4149932861328,"yaw_madgwick":146.6732635498047,"yaw_madgwick_mean":142.53739038464028,"yaw_madgwick_raw":146.6732635498047,"yaw_static":-146.38340379247126}"
INS_GYRO_X                          0.101975
INS_GYRO_Y                          0.299708
INS_GYRO_Z                          0.122698
INS_PITCH                           25.486567
INS_QUAT_W                          0.117645
INS_QUAT_X                          -0.012421
INS_QUAT_Y                          0.076141
INS_QUAT_Z                          -0.98999
INS_RAW_TEMPERATURE                 3306
INS_ROLL                            129.782059
INS_TEMPERATURE                     -3.306
INS_YAW                             146.673264
  -- displaying all variables --










==============================================================
uXMS_374                                              0/0(301)
==============================================================
VarName              (S)  (T)  (C)  VarValue (SCOPING:[7;32mEVENTS[0m)
-------------------  ---  ---  ---  -------------------------
DB_CLIENTS                          "uXMS_374,iSerialWitMotion,"
DB_EVENT                            "connected=uXMS_374"
DB_QOS                              "iSerialWitMotion=0.404119:0.808001:0.111103:0.349617,uXMS_374=0.3829:1.23906:0.101089:0.309563,"
DB_TIME                             1787021637.721161
DB_UPTIME                           62.878888
INS_ACCEL_X                         0
INS_ACCEL_Y                         0.000332
INS_ACCEL_Z                         0.999998
INS_DATA                            "{"accelerationX":-4.1884620073662125e-35,"accelerationY":0.00033162193722091615,"accelerationZ":0.9999977350234985,"angular_velocity_x":0.09461437165737152,"angular_velocity_y":0.3296215534210205,"angular_velocity_z":0.1309484839439392,"magnetic_field_x_uT":-8.603813171386719,"magnetic_field_y_uT":-37.157745361328125,"magnetic_field_z_uT":6.934887409210205,"pitch":-0.6539999842643738,"pitch_madgwick":14.583934783935547,"quaternion_q0":0.117645263671875,"quaternion_q1":-0.012481689453125,"quaternion_q2":0.076141357421875,"quaternion_q3":-0.989990234375,"raw_temperature":3317.0,"roll":-9.531999588012695,"roll_madgwick":134.58663940429688,"status":"Calibrated","temperature":-3.316999912261963,"yaw":-166.41299438476563,"yaw_madgwick":152.00112915039063,"yaw_madgwick_mean":148.68833451844228,"yaw_madgwick_raw":152.00112915039063,"yaw_static":-146.38340379247126}"
INS_GYRO_X                          0.094614
INS_GYRO_Y                          0.329622
INS_GYRO_Z                          0.130948
INS_PITCH                           14.583935
INS_QUAT_W                          0.117645
INS_QUAT_X                          -0.012482
INS_QUAT_Y                          0.076141
INS_QUAT_Z                          -0.98999
INS_RAW_TEMPERATURE                 3317
INS_ROLL                            134.586639
INS_TEMPERATURE                     -3.317
INS_YAW                             152.001129
  -- displaying all variables --










==============================================================
uXMS_374                                              0/0(304)
==============================================================
VarName              (S)  (T)  (C)  VarValue (SCOPING:[7;32mEVENTS[0m)
-------------------  ---  ---  ---  -------------------------
DB_CLIENTS                          "uXMS_374,iSerialWitMotion,"
DB_EVENT                            "connected=uXMS_374"
DB_QOS                              "iSerialWitMotion=0.404119:0.808001:0.111103:0.349617,uXMS_374=0.3829:1.23906:0.101089:0.309563,"
DB_TIME                             1787021637.721161
DB_UPTIME                           62.878888
INS_ACCEL_X                         0
INS_ACCEL_Y                         0.000235
INS_ACCEL_Z                         1.00006
INS_DATA                            "{"accelerationX":-6.330442446797778e-36,"accelerationY":0.00023538125969935209,"accelerationZ":1.0000602006912231,"angular_velocity_x":0.10272698104381561,"angular_velocity_y":0.3233741223812103,"angular_velocity_z":0.12016098201274872,"magnetic_field_x_uT":-8.603161811828613,"magnetic_field_y_uT":-37.151344299316406,"magnetic_field_z_uT":6.942667484283447,"pitch":-0.6589999794960022,"pitch_madgwick":3.258115768432617,"quaternion_q0":0.11767578125,"quaternion_q1":-0.01251220703125,"quaternion_q2":0.076141357421875,"quaternion_q3":-0.989990234375,"raw_temperature":3295.0,"roll":-9.531000137329102,"roll_madgwick":138.42453002929688,"status":"Calibrated","temperature":-3.2950000762939453,"yaw":-166.40899658203125,"yaw_madgwick":156.765380859375,"yaw_madgwick_mean":153.85606923705075,"yaw_madgwick_raw":156.765380859375,"yaw_static":-146.38340379247126}"
INS_GYRO_X                          0.102727
INS_GYRO_Y                          0.323374
INS_GYRO_Z                          0.120161
INS_PITCH                           3.258116
INS_QUAT_W                          0.117676
INS_QUAT_X                          -0.012512
INS_QUAT_Y                          0.076141
INS_QUAT_Z                          -0.98999
INS_RAW_TEMPERATURE                 3295
INS_ROLL                            138.42453
INS_TEMPERATURE                     -3.295
INS_YAW                             156.765381
  -- displaying all variables --










==============================================================
uXMS_374                                              0/0(307)
==============================================================
VarName              (S)  (T)  (C)  VarValue (SCOPING:[7;32mEVENTS[0m)
-------------------  ---  ---  ---  -------------------------
DB_CLIENTS                          "uXMS_374,iSerialWitMotion,"
DB_EVENT                            "connected=uXMS_374"
DB_QOS                              "iSerialWitMotion=0.404119:0.808001:0.111103:0.349617,uXMS_374=0.3829:1.23906:0.101089:0.309563,"
DB_TIME                             1787021637.721161
DB_UPTIME                           62.878888
INS_ACCEL_X                         0
INS_ACCEL_Y                         0.000317
INS_ACCEL_Z                         1.000107
INS_DATA                            "{"accelerationX":-9.567832738345387e-37,"accelerationY":0.00031711073825135827,"accelerationZ":1.0001072883605957,"angular_velocity_x":0.1007019504904747,"angular_velocity_y":0.32637107372283936,"angular_velocity_z":0.14294934272766113,"magnetic_field_x_uT":-8.617111206054688,"magnetic_field_y_uT":-37.15022659301758,"magnetic_field_z_uT":6.928730487823486,"pitch":-0.5370000004768372,"pitch_madgwick":-8.734735488891602,"quaternion_q0":0.11761474609375,"quaternion_q1":-0.01129150390625,"quaternion_q2":0.0762939453125,"quaternion_q3":-0.990020751953125,"raw_temperature":3306.0,"roll":-9.531999588012695,"roll_madgwick":141.41232299804688,"status":"Calibrated","temperature":-3.305999994277954,"yaw":-166.427001953125,"yaw_madgwick":159.96250915527344,"yaw_madgwick_mean":157.8387818657081,"yaw_madgwick_raw":159.96250915527344,"yaw_static":-146.38340379247126}"
INS_GYRO_X                          0.100702
INS_GYRO_Y                          0.326371
INS_GYRO_Z                          0.142949
INS_PITCH                           -8.734735
INS_QUAT_W                          0.117615
INS_QUAT_X                          -0.011292
INS_QUAT_Y                          0.076294
INS_QUAT_Z                          -0.990021
INS_RAW_TEMPERATURE                 3306
INS_ROLL                            141.412323
INS_TEMPERATURE                     -3.306
INS_YAW                             159.962509
  -- displaying all variables --










==============================================================
uXMS_374                                              0/0(310)
==============================================================
VarName              (S)  (T)  (C)  VarValue (SCOPING:[7;32mEVENTS[0m)
-------------------  ---  ---  ---  -------------------------
DB_CLIENTS                          "uXMS_374,iSerialWitMotion,"
DB_EVENT                            "connected=uXMS_374"
DB_QOS                              "iSerialWitMotion=0.404119:0.808001:0.111103:0.349617,uXMS_374=0.3829:1.23906:0.101089:0.309563,"
DB_TIME                             1787021637.721161
DB_UPTIME                           62.878888
INS_ACCEL_X                         -0.000051
INS_ACCEL_Y                         0.000329
INS_ACCEL_Z                         0.999965
INS_DATA                            "{"accelerationX":-5.128315751790069e-05,"accelerationY":0.0003286492428742349,"accelerationZ":0.999965250492096,"angular_velocity_x":0.11764522641897202,"angular_velocity_y":0.31727078557014465,"angular_velocity_z":0.1448388546705246,"magnetic_field_x_uT":-8.593244552612305,"magnetic_field_y_uT":-37.16183853149414,"magnetic_field_z_uT":6.92959451675415,"pitch":-0.35899999737739563,"pitch_madgwick":-18.512556076049805,"quaternion_q0":0.117462158203125,"quaternion_q1":-0.009796142578125,"quaternion_q2":0.07647705078125,"quaternion_q3":-0.990020751953125,"raw_temperature":3306.0,"roll":-9.532999992370605,"roll_madgwick":143.65272521972656,"status":"Calibrated","temperature":-3.305999994277954,"yaw":-166.45700073242188,"yaw_madgwick":162.07650756835938,"yaw_madgwick_mean":160.36320187191328,"yaw_madgwick_raw":162.07650756835938,"yaw_static":-146.38340379247126}"
INS_GYRO_X                          0.117645
INS_GYRO_Y                          0.317271
INS_GYRO_Z                          0.144839
INS_PITCH                           -18.512556
INS_QUAT_W                          0.117462
INS_QUAT_X                          -0.009796
INS_QUAT_Y                          0.076477
INS_QUAT_Z                          -0.990021
INS_RAW_TEMPERATURE                 3306
INS_ROLL                            143.652725
INS_TEMPERATURE                     -3.306
INS_YAW                             162.076508
  -- displaying all variables --










==============================================================
uXMS_374                                              0/0(313)
==============================================================
VarName              (S)  (T)  (C)  VarValue (SCOPING:[7;32mEVENTS[0m)
-------------------  ---  ---  ---  -------------------------
DB_CLIENTS                          "uXMS_374,iSerialWitMotion,"
DB_EVENT                            "connected=uXMS_374"
DB_QOS                              "iSerialWitMotion=0.676155:0.808001:0.111103:0.404024,uXMS_374=0.442982:1.23906:0.101089:0.321579,"
DB_TIME                             1787021639.783557
DB_UPTIME                           64.941283
INS_ACCEL_X                         -0.000104
INS_ACCEL_Y                         0.000331
INS_ACCEL_Z                         0.999971
INS_DATA                            "{"accelerationX":-0.00010402625048300251,"accelerationY":0.0003312072658445686,"accelerationZ":0.9999711513519287,"angular_velocity_x":0.12377434223890305,"angular_velocity_y":0.31509703397750854,"angular_velocity_z":0.1255115419626236,"magnetic_field_x_uT":-8.602763175964355,"magnetic_field_y_uT":-37.165794372558594,"magnetic_field_z_uT":6.934085369110107,"pitch":-0.24199999868869781,"pitch_madgwick":-30.370744705200195,"quaternion_q0":0.11737060546875,"quaternion_q1":-0.008819580078125,"quaternion_q2":0.07659912109375,"quaternion_q3":-0.99005126953125,"raw_temperature":3295.0,"roll":-9.534000396728516,"roll_madgwick":146.01480102539063,"status":"Calibrated","temperature":-3.2950000762939453,"yaw":-166.4759979248047,"yaw_madgwick":165.4836883544922,"yaw_madgwick_mean":163.53831576380813,"yaw_madgwick_raw":165.4836883544922,"yaw_static":-146.38340379247126}"
INS_GYRO_X                          0.123774
INS_GYRO_Y                          0.315097
INS_GYRO_Z                          0.125512
INS_PITCH                           -30.370745
INS_QUAT_W                          0.117371
INS_QUAT_X                          -0.00882
INS_QUAT_Y                          0.076599
INS_QUAT_Z                          -0.990051
INS_RAW_TEMPERATURE                 3295
INS_ROLL                            146.014801
INS_TEMPERATURE                     -3.295
INS_YAW                             165.483688
  -- displaying all variables --










==============================================================
uXMS_374                                              0/0(316)
==============================================================
VarName              (S)  (T)  (C)  VarValue (SCOPING:[7;32mEVENTS[0m)
-------------------  ---  ---  ---  -------------------------
DB_CLIENTS                          "uXMS_374,iSerialWitMotion,"
DB_EVENT                            "connected=uXMS_374"
DB_QOS                              "iSerialWitMotion=0.676155:0.808001:0.111103:0.404024,uXMS_374=0.442982:1.23906:0.101089:0.321579,"
DB_TIME                             1787021639.783557
DB_UPTIME                           64.941283
INS_ACCEL_X                         -0.000016
INS_ACCEL_Y                         0.000332
INS_ACCEL_Z                         0.999935
INS_DATA                            "{"accelerationX":-1.5722529496997595e-05,"accelerationY":0.0003315939102321863,"accelerationZ":0.9999346733093262,"angular_velocity_x":0.11354461312294006,"angular_velocity_y":0.34199655055999756,"angular_velocity_z":0.12900081276893616,"magnetic_field_x_uT":-8.599783897399902,"magnetic_field_y_uT":-37.16338348388672,"magnetic_field_z_uT":6.927614212036133,"pitch":-0.17800000309944153,"pitch_madgwick":-43.34706115722656,"quaternion_q0":0.1173095703125,"quaternion_q1":-0.00830078125,"quaternion_q2":0.07666015625,"quaternion_q3":-0.99005126953125,"raw_temperature":3317.0,"roll":-9.534000396728516,"roll_madgwick":147.00660705566406,"status":"Calibrated","temperature":-3.316999912261963,"yaw":-166.48899841308594,"yaw_madgwick":169.52386474609375,"yaw_madgwick_mean":167.12082759854343,"yaw_madgwick_raw":169.52386474609375,"yaw_static":-146.38340379247126}"
INS_GYRO_X                          0.113545
INS_GYRO_Y                          0.341997
INS_GYRO_Z                          0.129001
INS_PITCH                           -43.347061
INS_QUAT_W                          0.11731
INS_QUAT_X                          -0.008301
INS_QUAT_Y                          0.07666
INS_QUAT_Z                          -0.990051
INS_RAW_TEMPERATURE                 3317
INS_ROLL                            147.006607
INS_TEMPERATURE                     -3.317
INS_YAW                             169.523865
  -- displaying all variables --










==============================================================
uXMS_374                                              0/0(319)
==============================================================
VarName              (S)  (T)  (C)  VarValue (SCOPING:[7;32mEVENTS[0m)
-------------------  ---  ---  ---  -------------------------
DB_CLIENTS                          "uXMS_374,iSerialWitMotion,"
DB_EVENT                            "connected=uXMS_374"
DB_QOS                              "iSerialWitMotion=0.676155:0.808001:0.111103:0.404024,uXMS_374=0.442982:1.23906:0.101089:0.321579,"
DB_TIME                             1787021639.783557
DB_UPTIME                           64.941283
INS_ACCEL_X                         -0.000002
INS_ACCEL_Y                         0.000332
INS_ACCEL_Z                         0.999967
INS_DATA                            "{"accelerationX":-2.37630365518271e-06,"accelerationY":0.000331652321619913,"accelerationZ":0.999966561794281,"angular_velocity_x":0.11437133699655533,"angular_velocity_y":0.3019576370716095,"angular_velocity_z":0.11433453857898712,"magnetic_field_x_uT":-8.598838806152344,"magnetic_field_y_uT":-37.16758346557617,"magnetic_field_z_uT":6.928803443908691,"pitch":-0.14300000667572021,"pitch_madgwick":-54.29923629760742,"quaternion_q0":0.11737060546875,"quaternion_q1":-0.00799560546875,"quaternion_q2":0.076690673828125,"quaternion_q3":-0.99005126953125,"raw_temperature":3295.0,"roll":-9.534000396728516,"roll_madgwick":147.46774291992188,"status":"Calibrated","temperature":-3.2950000762939453,"yaw":-166.48800659179688,"yaw_madgwick":173.49314880371094,"yaw_madgwick_mean":170.95910275296464,"yaw_madgwick_raw":173.49314880371094,"yaw_static":-146.38340379247126}"
INS_GYRO_X                          0.114371
INS_GYRO_Y                          0.301958
INS_GYRO_Z                          0.114335
INS_PITCH                           -54.299236
INS_QUAT_W                          0.117371
INS_QUAT_X                          -0.007996
INS_QUAT_Y                          0.076691
INS_QUAT_Z                          -0.990051
INS_RAW_TEMPERATURE                 3295
INS_ROLL                            147.467743
INS_TEMPERATURE                     -3.295
INS_YAW                             173.493149
  -- displaying all variables --










==============================================================
uXMS_374                                              0/0(322)
==============================================================
VarName              (S)  (T)  (C)  VarValue (SCOPING:[7;32mEVENTS[0m)
-------------------  ---  ---  ---  -------------------------
DB_CLIENTS                          "uXMS_374,iSerialWitMotion,"
DB_EVENT                            "connected=uXMS_374"
DB_QOS                              "iSerialWitMotion=0.516891:0.808001:0.111103:0.372171,uXMS_374=0.317097:1.23906:0.101089:0.296402,"
DB_TIME                             1787021641.796238
DB_UPTIME                           66.953968
INS_ACCEL_X                         0
INS_ACCEL_Y                         0.000332
INS_ACCEL_Z                         1.00003
INS_DATA                            "{"accelerationX":-3.5915459761781676e-07,"accelerationY":0.00033166116918437183,"accelerationZ":1.000030279159546,"angular_velocity_x":0.10887227207422256,"angular_velocity_y":0.3046893775463104,"angular_velocity_z":0.12090112268924713,"magnetic_field_x_uT":-8.591306686401367,"magnetic_field_y_uT":-37.15666961669922,"magnetic_field_z_uT":6.939136981964111,"pitch":-0.12399999797344208,"pitch_madgwick":-65.52262878417969,"quaternion_q0":0.117279052734375,"quaternion_q1":-0.007843017578125,"quaternion_q2":0.07672119140625,"quaternion_q3":-0.99005126953125,"raw_temperature":3317.0,"roll":-9.534000396728516,"roll_madgwick":147.81520080566406,"status":"Calibrated","temperature":-3.316999912261963,"yaw":-166.4980010986328,"yaw_madgwick":177.36990356445313,"yaw_madgwick_mean":174.88141346562716,"yaw_madgwick_raw":177.36990356445313,"yaw_static":-146.38340379247126}"
INS_GYRO_X                          0.108872
INS_GYRO_Y                          0.304689
INS_GYRO_Z                          0.120901
INS_PITCH                           -65.522629
INS_QUAT_W                          0.117279
INS_QUAT_X                          -0.007843
INS_QUAT_Y                          0.076721
INS_QUAT_Z                          -0.990051
INS_RAW_TEMPERATURE                 3317
INS_ROLL                            147.815201
INS_TEMPERATURE                     -3.317
INS_YAW                             177.369904
  -- displaying all variables --










==============================================================
uXMS_374                                              0/0(325)
==============================================================
VarName              (S)  (T)  (C)  VarValue (SCOPING:[7;32mEVENTS[0m)
-------------------  ---  ---  ---  -------------------------
DB_CLIENTS                          "uXMS_374,iSerialWitMotion,"
DB_EVENT                            "connected=uXMS_374"
DB_QOS                              "iSerialWitMotion=0.516891:0.808001:0.111103:0.372171,uXMS_374=0.317097:1.23906:0.101089:0.296402,"
DB_TIME                             1787021641.796238
DB_UPTIME                           66.953968
INS_ACCEL_X                         -0.000096
INS_ACCEL_Y                         0.000332
INS_ACCEL_Z                         0.999995
INS_DATA                            "{"accelerationX":-9.632958972360939e-05,"accelerationY":0.00033166250796057284,"accelerationZ":0.9999948740005493,"angular_velocity_x":0.08908291161060333,"angular_velocity_y":0.30510225892066956,"angular_velocity_z":0.13838261365890503,"magnetic_field_x_uT":-8.591608047485352,"magnetic_field_y_uT":-37.14899826049805,"magnetic_field_z_uT":6.931257247924805,"pitch":-0.11299999803304672,"pitch_madgwick":-76.09430694580078,"quaternion_q0":0.117279052734375,"quaternion_q1":-0.00775146484375,"quaternion_q2":0.07672119140625,"quaternion_q3":-0.99005126953125,"raw_temperature":3317.0,"roll":-9.534000396728516,"roll_madgwick":144.2861328125,"status":"Calibrated","temperature":-3.316999912261963,"yaw":-166.4969940185547,"yaw_madgwick":184.1309356689453,"yaw_madgwick_mean":180.4374634973498,"yaw_madgwick_raw":184.1309356689453,"yaw_static":-146.38340379247126}"
INS_GYRO_X                          0.089083
INS_GYRO_Y                          0.305102
INS_GYRO_Z                          0.138383
INS_PITCH                           -76.094307
INS_QUAT_W                          0.117279
INS_QUAT_X                          -0.007751
INS_QUAT_Y                          0.076721
INS_QUAT_Z                          -0.990051
INS_RAW_TEMPERATURE                 3317
INS_ROLL                            144.286133
INS_TEMPERATURE                     -3.317
INS_YAW                             184.130936
  -- displaying all variables --










==============================================================
uXMS_374                                              0/0(328)
==============================================================
VarName              (S)  (T)  (C)  VarValue (SCOPING:[7;32mEVENTS[0m)
-------------------  ---  ---  ---  -------------------------
DB_CLIENTS                          "uXMS_374,iSerialWitMotion,"
DB_EVENT                            "connected=uXMS_374"
DB_QOS                              "iSerialWitMotion=0.516891:0.808001:0.111103:0.372171,uXMS_374=0.317097:1.23906:0.101089:0.296402,"
DB_TIME                             1787021641.796238
DB_UPTIME                           66.953968
INS_ACCEL_X                         -0.000042
INS_ACCEL_Y                         0.000332
INS_ACCEL_Z                         0.999938
INS_DATA                            "{"accelerationX":-4.187635568086989e-05,"accelerationY":0.00033166271168738604,"accelerationZ":0.9999382495880127,"angular_velocity_x":0.08950658142566681,"angular_velocity_y":0.32377293705940247,"angular_velocity_z":0.12795038521289825,"magnetic_field_x_uT":-8.610159873962402,"magnetic_field_y_uT":-37.14460372924805,"magnetic_field_z_uT":6.923999309539795,"pitch":-0.10700000077486038,"pitch_madgwick":-83.9280776977539,"quaternion_q0":0.117340087890625,"quaternion_q1":-0.007720947265625,"quaternion_q2":0.076751708984375,"quaternion_q3":-0.99005126953125,"raw_temperature":3317.0,"roll":-9.534000396728516,"roll_madgwick":48.800811767578125,"status":"Calibrated","temperature":-3.316999912261963,"yaw":-166.4929962158203,"yaw_madgwick":-75.93287658691406,"yaw_madgwick_mean":211.96662492761482,"yaw_madgwick_raw":-75.93287658691406,"yaw_static":-146.38340379247126}"
INS_GYRO_X                          0.089507
INS_GYRO_Y                          0.323773
INS_GYRO_Z                          0.12795
INS_PITCH                           -83.928078
INS_QUAT_W                          0.11734
INS_QUAT_X                          -0.007721
INS_QUAT_Y                          0.076752
INS_QUAT_Z                          -0.990051
INS_RAW_TEMPERATURE                 3317
INS_ROLL                            48.800812
INS_TEMPERATURE                     -3.317
INS_YAW                             -75.932877
  -- displaying all variables --










==============================================================
uXMS_374                                              0/0(331)
==============================================================
VarName              (S)  (T)  (C)  VarValue (SCOPING:[7;32mEVENTS[0m)
-------------------  ---  ---  ---  -------------------------
DB_CLIENTS                          "uXMS_374,iSerialWitMotion,"
DB_EVENT                            "connected=uXMS_374"
DB_QOS                              "iSerialWitMotion=0.457048:0.808001:0.111103:0.360203,uXMS_374=0.459909:1.23906:0.101089:0.324965,"
DB_TIME                             1787021643.808139
DB_UPTIME                           68.965868
INS_ACCEL_X                         -0.000006
INS_ACCEL_Y                         0.000332
INS_ACCEL_Z                         0.999981
INS_DATA                            "{"accelerationX":-6.329193638521247e-06,"accelerationY":0.0003316627407912165,"accelerationZ":0.9999809265136719,"angular_velocity_x":0.11714862287044525,"angular_velocity_y":0.33325880765914917,"angular_velocity_z":0.13499343395233154,"magnetic_field_x_uT":-8.613080024719238,"magnetic_field_y_uT":-37.150978088378906,"magnetic_field_z_uT":6.92086935043335,"pitch":-0.10400000214576721,"pitch_madgwick":-76.5827865600586,"quaternion_q0":0.117340087890625,"quaternion_q1":-0.0076904296875,"quaternion_q2":0.076751708984375,"quaternion_q3":-0.99005126953125,"raw_temperature":3284.0,"roll":-9.53499984741211,"roll_madgwick":-5.032541275024414,"status":"Calibrated","temperature":-3.2839999198913574,"yaw":-166.49400329589844,"yaw_madgwick":-17.96558380126953,"yaw_madgwick_mean":316.4942042259265,"yaw_madgwick_raw":-17.96558380126953,"yaw_static":-146.38340379247126}"
INS_GYRO_X                          0.117149
INS_GYRO_Y                          0.333259
INS_GYRO_Z                          0.134993
INS_PITCH                           -76.582787
INS_QUAT_W                          0.11734
INS_QUAT_X                          -0.00769
INS_QUAT_Y                          0.076752
INS_QUAT_Z                          -0.990051
INS_RAW_TEMPERATURE                 3284
INS_ROLL                            -5.032541
INS_TEMPERATURE                     -3.284
INS_YAW                             -17.965584
  -- displaying all variables --










==============================================================
uXMS_374                                              0/0(334)
==============================================================
VarName              (S)  (T)  (C)  VarValue (SCOPING:[7;32mEVENTS[0m)
-------------------  ---  ---  ---  -------------------------
DB_CLIENTS                          "uXMS_374,iSerialWitMotion,"
DB_EVENT                            "connected=uXMS_374"
DB_QOS                              "iSerialWitMotion=0.457048:0.808001:0.111103:0.360203,uXMS_374=0.459909:1.23906:0.101089:0.324965,"
DB_TIME                             1787021643.808139
DB_UPTIME                           68.965868
INS_ACCEL_X                         -0.000001
INS_ACCEL_Y                         0.000332
INS_ACCEL_Z                         0.999987
INS_DATA                            "{"accelerationX":-9.565944765199674e-07,"accelerationY":0.0003316627407912165,"accelerationZ":0.9999874234199524,"angular_velocity_x":0.11791180819272995,"angular_velocity_y":0.32802852988243103,"angular_velocity_z":0.12402350455522537,"magnetic_field_x_uT":-8.614466667175293,"magnetic_field_y_uT":-37.14586639404297,"magnetic_field_z_uT":6.92888069152832,"pitch":-0.10199999809265137,"pitch_madgwick":-64.77882385253906,"quaternion_q0":0.117401123046875,"quaternion_q1":-0.007659912109375,"quaternion_q2":0.076751708984375,"quaternion_q3":-0.990020751953125,"raw_temperature":3317.0,"roll":-9.534000396728516,"roll_madgwick":-9.157642364501953,"status":"Calibrated","temperature":-3.316999912261963,"yaw":-166.48500061035156,"yaw_madgwick":-9.75185775756836,"yaw_madgwick_mean":343.76418294717206,"yaw_madgwick_raw":-9.75185775756836,"yaw_static":-146.38340379247126}"
INS_GYRO_X                          0.117912
INS_GYRO_Y                          0.328029
INS_GYRO_Z                          0.124024
INS_PITCH                           -64.778824
INS_QUAT_W                          0.117401
INS_QUAT_X                          -0.00766
INS_QUAT_Y                          0.076752
INS_QUAT_Z                          -0.990021
INS_RAW_TEMPERATURE                 3317
INS_ROLL                            -9.157642
INS_TEMPERATURE                     -3.317
INS_YAW                             -9.751858
  -- displaying all variables --










==============================================================
uXMS_374                                              0/0(337)
==============================================================
VarName              (S)  (T)  (C)  VarValue (SCOPING:[7;32mEVENTS[0m)
-------------------  ---  ---  ---  -------------------------
DB_CLIENTS                          "uXMS_374,iSerialWitMotion,"
DB_EVENT                            "connected=uXMS_374"
DB_QOS                              "iSerialWitMotion=0.457048:0.808001:0.111103:0.360203,uXMS_374=0.459909:1.23906:0.101089:0.324965,"
DB_TIME                             1787021643.808139
DB_UPTIME                           68.965868
INS_ACCEL_X                         -0.000051
INS_ACCEL_Y                         0.000332
INS_ACCEL_Z                         0.999937
INS_DATA                            "{"accelerationX":-5.142773807165213e-05,"accelerationY":0.0003316627407912165,"accelerationZ":0.999937117099762,"angular_velocity_x":0.10153812915086746,"angular_velocity_y":0.3297973573207855,"angular_velocity_z":0.13755914568901062,"magnetic_field_x_uT":-8.61334228515625,"magnetic_field_y_uT":-37.14806365966797,"magnetic_field_z_uT":6.92039680480957,"pitch":-0.10100000351667404,"pitch_madgwick":-50.640811920166016,"quaternion_q0":0.117462158203125,"quaternion_q1":-0.007659912109375,"quaternion_q2":0.076751708984375,"quaternion_q3":-0.990020751953125,"raw_temperature":3306.0,"roll":-9.534000396728516,"roll_madgwick":-9.451594352722168,"status":"Calibrated","temperature":-3.305999994277954,"yaw":-166.47999572753906,"yaw_madgwick":-4.69056510925293,"yaw_madgwick_mean":351.72260266072914,"yaw_madgwick_raw":-4.69056510925293,"yaw_static":-146.38340379247126}"
INS_GYRO_X                          0.101538
INS_GYRO_Y                          0.329797
INS_GYRO_Z                          0.137559
INS_PITCH                           -50.640812
INS_QUAT_W                          0.117462
INS_QUAT_X                          -0.00766
INS_QUAT_Y                          0.076752
INS_QUAT_Z                          -0.990021
INS_RAW_TEMPERATURE                 3306
INS_ROLL                            -9.451594
INS_TEMPERATURE                     -3.306
INS_YAW                             -4.690565
  -- displaying all variables --










==============================================================
uXMS_374                                              0/0(340)
==============================================================
VarName              (S)  (T)  (C)  VarValue (SCOPING:[7;32mEVENTS[0m)
-------------------  ---  ---  ---  -------------------------
DB_CLIENTS                          "uXMS_374,iSerialWitMotion,"
DB_EVENT                            "connected=uXMS_374"
DB_QOS                              "iSerialWitMotion=0.457048:0.808001:0.111103:0.360203,uXMS_374=0.459909:1.23906:0.101089:0.324965,"
DB_TIME                             1787021643.808139
DB_UPTIME                           68.965868
INS_ACCEL_X                         -0.000008
INS_ACCEL_Y                         0.000332
INS_ACCEL_Z                         0.999981
INS_DATA                            "{"accelerationX":-7.772789103910327e-06,"accelerationY":0.0003316627407912165,"accelerationZ":0.9999807476997375,"angular_velocity_x":0.11896707117557526,"angular_velocity_y":0.3032730519771576,"angular_velocity_z":0.12441129237413406,"magnetic_field_x_uT":-8.601356506347656,"magnetic_field_y_uT":-37.163299560546875,"magnetic_field_z_uT":6.922828197479248,"pitch":-0.10100000351667404,"pitch_madgwick":-41.52358627319336,"quaternion_q0":0.117462158203125,"quaternion_q1":-0.007659912109375,"quaternion_q2":0.07672119140625,"quaternion_q3":-0.990020751953125,"raw_temperature":3306.0,"roll":-9.534000396728516,"roll_madgwick":-8.225791931152344,"status":"Calibrated","temperature":-3.305999994277954,"yaw":-166.47900390625,"yaw_madgwick":-0.06700515747070313,"yaw_madgwick_mean":357.0844347446302,"yaw_madgwick_raw":-0.06700515747070313,"yaw_static":-146.38340379247126}"
INS_GYRO_X                          0.118967
INS_GYRO_Y                          0.303273
INS_GYRO_Z                          0.124411
INS_PITCH                           -41.523586
INS_QUAT_W                          0.117462
INS_QUAT_X                          -0.00766
INS_QUAT_Y                          0.076721
INS_QUAT_Z                          -0.990021
INS_RAW_TEMPERATURE                 3306
INS_ROLL                            -8.225792
INS_TEMPERATURE                     -3.306
INS_YAW                             -0.067005
  -- displaying all variables --










==============================================================
uXMS_374                                              0/0(343)
==============================================================
VarName              (S)  (T)  (C)  VarValue (SCOPING:[7;32mEVENTS[0m)
-------------------  ---  ---  ---  -------------------------
DB_CLIENTS                          "uXMS_374,iSerialWitMotion,"
DB_EVENT                            "connected=uXMS_374"
DB_QOS                              "iSerialWitMotion=0.705957:1.45388:0.111103:0.409985,uXMS_374=0.447989:1.23906:0.101089:0.32258,"
DB_TIME                             1787021645.853151
DB_UPTIME                           71.010879
INS_ACCEL_X                         -0.000001
INS_ACCEL_Y                         0.000294
INS_ACCEL_Z                         0.999936
INS_DATA                            "{"accelerationX":-1.1747796406780253e-06,"accelerationY":0.0002942340506706387,"accelerationZ":0.9999361038208008,"angular_velocity_x":0.11519088596105576,"angular_velocity_y":0.3348390460014343,"angular_velocity_z":0.12242411822080612,"magnetic_field_x_uT":-8.609712600708008,"magnetic_field_y_uT":-37.15125274658203,"magnetic_field_z_uT":6.9245758056640625,"pitch":-0.10100000351667404,"pitch_madgwick":-27.89678955078125,"quaternion_q0":0.117431640625,"quaternion_q1":-0.007659912109375,"quaternion_q2":0.076751708984375,"quaternion_q3":-0.990020751953125,"raw_temperature":3295.0,"roll":-9.534000396728516,"roll_madgwick":-6.094407558441162,"status":"Calibrated","temperature":-3.2950000762939453,"yaw":-166.4810028076172,"yaw_madgwick":3.0533447265625,"yaw_madgwick_mean":0.7043600979217937,"yaw_madgwick_raw":3.0533447265625,"yaw_static":-146.38340379247126}"
INS_GYRO_X                          0.115191
INS_GYRO_Y                          0.334839
INS_GYRO_Z                          0.122424
INS_PITCH                           -27.89679
INS_QUAT_W                          0.117432
INS_QUAT_X                          -0.00766
INS_QUAT_Y                          0.076752
INS_QUAT_Z                          -0.990021
INS_RAW_TEMPERATURE                 3295
INS_ROLL                            -6.094408
INS_TEMPERATURE                     -3.295
INS_YAW                             3.053345
  -- displaying all variables --










==============================================================
uXMS_374                                              0/0(346)
==============================================================
VarName              (S)  (T)  (C)  VarValue (SCOPING:[7;32mEVENTS[0m)
-------------------  ---  ---  ---  -------------------------
DB_CLIENTS                          "uXMS_374,iSerialWitMotion,"
DB_EVENT                            "connected=uXMS_374"
DB_QOS                              "iSerialWitMotion=0.705957:1.45388:0.111103:0.409985,uXMS_374=0.447989:1.23906:0.101089:0.32258,"
DB_TIME                             1787021645.853151
DB_UPTIME                           71.010879
INS_ACCEL_X                         0
INS_ACCEL_Y                         0.000326
INS_ACCEL_Z                         0.999929
INS_DATA                            "{"accelerationX":-1.7755623105131235e-07,"accelerationY":0.00032600577105768025,"accelerationZ":0.9999293684959412,"angular_velocity_x":0.10756871849298477,"angular_velocity_y":0.31606948375701904,"angular_velocity_z":0.12039197236299515,"magnetic_field_x_uT":-8.600472450256348,"magnetic_field_y_uT":-37.149009704589844,"magnetic_field_z_uT":6.929958343505859,"pitch":-0.10100000351667404,"pitch_madgwick":-12.501453399658203,"quaternion_q0":0.117431640625,"quaternion_q1":-0.007659912109375,"quaternion_q2":0.076751708984375,"quaternion_q3":-0.990020751953125,"raw_temperature":3317.0,"roll":-9.534000396728516,"roll_madgwick":-3.640674114227295,"status":"Calibrated","temperature":-3.316999912261963,"yaw":-166.48199462890625,"yaw_madgwick":5.683576583862305,"yaw_madgwick_mean":4.035906817427407,"yaw_madgwick_raw":5.683576583862305,"yaw_static":-146.38340379247126}"
INS_GYRO_X                          0.107569
INS_GYRO_Y                          0.316069
INS_GYRO_Z                          0.120392
INS_PITCH                           -12.501453
INS_QUAT_W                          0.117432
INS_QUAT_X                          -0.00766
INS_QUAT_Y                          0.076752
INS_QUAT_Z                          -0.990021
INS_RAW_TEMPERATURE                 3317
INS_ROLL                            -3.640674
INS_TEMPERATURE                     -3.317
INS_YAW                             5.683577
  -- displaying all variables --










==============================================================
uXMS_374                                              0/0(349)
==============================================================
VarName              (S)  (T)  (C)  VarValue (SCOPING:[7;32mEVENTS[0m)
-------------------  ---  ---  ---  -------------------------
DB_CLIENTS                          "uXMS_374,iSerialWitMotion,"
DB_EVENT                            "connected=uXMS_374"
DB_QOS                              "iSerialWitMotion=0.705957:1.45388:0.111103:0.409985,uXMS_374=0.447989:1.23906:0.101089:0.32258,"
DB_TIME                             1787021645.853151
DB_UPTIME                           71.010879
INS_ACCEL_X                         0
INS_ACCEL_Y                         0.000331
INS_ACCEL_Z                         0.999928
INS_DATA                            "{"accelerationX":-2.683585265117472e-08,"accelerationY":0.00033080772846005857,"accelerationZ":0.9999282956123352,"angular_velocity_x":0.10143373161554337,"angular_velocity_y":0.3102369010448456,"angular_velocity_z":0.12181664258241653,"magnetic_field_x_uT":-8.598257064819336,"magnetic_field_y_uT":-37.154964447021484,"magnetic_field_z_uT":6.933549880981445,"pitch":-0.10100000351667404,"pitch_madgwick":-2.666736125946045,"quaternion_q0":0.117401123046875,"quaternion_q1":-0.007659912109375,"quaternion_q2":0.076751708984375,"quaternion_q3":-0.990020751953125,"raw_temperature":3306.0,"roll":-9.534000396728516,"roll_madgwick":-0.7539185881614685,"status":"Calibrated","temperature":-3.305999994277954,"yaw":-166.48399353027344,"yaw_madgwick":5.648193359375,"yaw_madgwick_mean":5.0466431254784725,"yaw_madgwick_raw":5.648193359375,"yaw_static":-146.38340379247126}"
INS_GYRO_X                          0.101434
INS_GYRO_Y                          0.310237
INS_GYRO_Z                          0.121817
INS_PITCH                           -2.666736
INS_QUAT_W                          0.117401
INS_QUAT_X                          -0.00766
INS_QUAT_Y                          0.076752
INS_QUAT_Z                          -0.990021
INS_RAW_TEMPERATURE                 3306
INS_ROLL                            -0.753919
INS_TEMPERATURE                     -3.306
INS_YAW                             5.648193
  -- displaying all variables --










==============================================================
uXMS_374                                              0/0(352)
==============================================================
VarName              (S)  (T)  (C)  VarValue (SCOPING:[7;32mEVENTS[0m)
-------------------  ---  ---  ---  -------------------------
DB_CLIENTS                          "uXMS_374,iSerialWitMotion,"
DB_EVENT                            "connected=uXMS_374"
DB_QOS                              "iSerialWitMotion=0.48399:1.45388:0.111103:0.365591,uXMS_374=0.347853:1.23906:0.101089:0.302553,"
DB_TIME                             1787021647.89387
DB_UPTIME                           73.051597
INS_ACCEL_X                         0
INS_ACCEL_Y                         0.000332
INS_ACCEL_Z                         0.999928
INS_DATA                            "{"accelerationX":-4.0559715586141465e-09,"accelerationY":0.0003315335197839886,"accelerationZ":0.9999281764030457,"angular_velocity_x":0.11895129084587097,"angular_velocity_y":0.33143696188926697,"angular_velocity_z":0.1340663731098175,"magnetic_field_x_uT":-8.60413646697998,"magnetic_field_y_uT":-37.14793395996094,"magnetic_field_z_uT":6.920515060424805,"pitch":-0.10100000351667404,"pitch_madgwick":8.432756423950195,"quaternion_q0":0.11737060546875,"quaternion_q1":-0.007659912109375,"quaternion_q2":0.076751708984375,"quaternion_q3":-0.99005126953125,"raw_temperature":3317.0,"roll":-9.534000396728516,"roll_madgwick":4.093118190765381,"status":"Calibrated","temperature":-3.316999912261963,"yaw":-166.48800659179688,"yaw_madgwick":10.619264602661133,"yaw_madgwick_mean":8.050699209758976,"yaw_madgwick_raw":10.619264602661133,"yaw_static":-146.38340379247126}"
INS_GYRO_X                          0.118951
INS_GYRO_Y                          0.331437
INS_GYRO_Z                          0.134066
INS_PITCH                           8.432756
INS_QUAT_W                          0.117371
INS_QUAT_X                          -0.00766
INS_QUAT_Y                          0.076752
INS_QUAT_Z                          -0.990051
INS_RAW_TEMPERATURE                 3317
INS_ROLL                            4.093118
INS_TEMPERATURE                     -3.317
INS_YAW                             10.619265
  -- displaying all variables --










==============================================================
uXMS_374                                              0/0(355)
==============================================================
VarName              (S)  (T)  (C)  VarValue (SCOPING:[7;32mEVENTS[0m)
-------------------  ---  ---  ---  -------------------------
DB_CLIENTS                          "uXMS_374,iSerialWitMotion,"
DB_EVENT                            "connected=uXMS_374"
DB_QOS                              "iSerialWitMotion=0.48399:1.45388:0.111103:0.365591,uXMS_374=0.347853:1.23906:0.101089:0.302553,"
DB_TIME                             1787021647.89387
DB_UPTIME                           73.051597
INS_ACCEL_X                         0
INS_ACCEL_Y                         0.000332
INS_ACCEL_Z                         0.999998
INS_DATA                            "{"accelerationX":-6.130196350540018e-10,"accelerationY":0.00033164321212098,"accelerationZ":0.9999983906745911,"angular_velocity_x":0.10510987043380737,"angular_velocity_y":0.30914488434791565,"angular_velocity_z":0.12063221633434296,"magnetic_field_x_uT":-8.605146408081055,"magnetic_field_y_uT":-37.159263610839844,"magnetic_field_z_uT":6.932718276977539,"pitch":-0.10000000149011612,"pitch_madgwick":16.885761260986328,"quaternion_q0":0.117340087890625,"quaternion_q1":-0.007659912109375,"quaternion_q2":0.076751708984375,"quaternion_q3":-0.99005126953125,"raw_temperature":3317.0,"roll":-9.534000396728516,"roll_madgwick":8.385995864868164,"status":"Calibrated","temperature":-3.316999912261963,"yaw":-166.49000549316406,"yaw_madgwick":13.967612266540527,"yaw_madgwick_mean":11.607046294336449,"yaw_madgwick_raw":13.967612266540527,"yaw_static":-146.38340379247126}"
INS_GYRO_X                          0.10511
INS_GYRO_Y                          0.309145
INS_GYRO_Z                          0.120632
INS_PITCH                           16.885761
INS_QUAT_W                          0.11734
INS_QUAT_X                          -0.00766
INS_QUAT_Y                          0.076752
INS_QUAT_Z                          -0.990051
INS_RAW_TEMPERATURE                 3317
INS_ROLL                            8.385996
INS_TEMPERATURE                     -3.317
INS_YAW                             13.967612
  -- displaying all variables --










==============================================================
uXMS_374                                              0/0(358)
==============================================================
VarName              (S)  (T)  (C)  VarValue (SCOPING:[7;32mEVENTS[0m)
-------------------  ---  ---  ---  -------------------------
DB_CLIENTS                          "uXMS_374,iSerialWitMotion,"
DB_EVENT                            "connected=uXMS_374"
DB_QOS                              "iSerialWitMotion=0.48399:1.45388:0.111103:0.365591,uXMS_374=0.347853:1.23906:0.101089:0.302553,"
DB_TIME                             1787021647.89387
DB_UPTIME                           73.051597
INS_ACCEL_X                         -0.00007
INS_ACCEL_Y                         0.000332
INS_ACCEL_Z                         0.999939
INS_DATA                            "{"accelerationX":-7.026602543191984e-05,"accelerationY":0.0003316597722005099,"accelerationZ":0.9999387860298157,"angular_velocity_x":0.10279390215873718,"angular_velocity_y":0.3145589232444763,"angular_velocity_z":0.13063620030879974,"magnetic_field_x_uT":-8.601282119750977,"magnetic_field_y_uT":-37.15135192871094,"magnetic_field_z_uT":6.9461212158203125,"pitch":-0.10000000149011612,"pitch_madgwick":25.743337631225586,"quaternion_q0":0.117340087890625,"quaternion_q1":-0.007659912109375,"quaternion_q2":0.076751708984375,"quaternion_q3":-0.99005126953125,"raw_temperature":3284.0,"roll":-9.534000396728516,"roll_madgwick":13.584186553955078,"status":"Calibrated","temperature":-3.2839999198913574,"yaw":-166.49200439453125,"yaw_madgwick":23.999070167541504,"yaw_madgwick_mean":17.898080859237965,"yaw_madgwick_raw":23.999070167541504,"yaw_static":-146.38340379247126}"
INS_GYRO_X                          0.102794
INS_GYRO_Y                          0.314559
INS_GYRO_Z                          0.130636
INS_PITCH                           25.743338
INS_QUAT_W                          0.11734
INS_QUAT_X                          -0.00766
INS_QUAT_Y                          0.076752
INS_QUAT_Z                          -0.990051
INS_RAW_TEMPERATURE                 3284
INS_ROLL                            13.584187
INS_TEMPERATURE                     -3.284
INS_YAW                             23.99907
  -- displaying all variables --










==============================================================
uXMS_374                                              0/0(361)
==============================================================
VarName              (S)  (T)  (C)  VarValue (SCOPING:[7;32mEVENTS[0m)
-------------------  ---  ---  ---  -------------------------
DB_CLIENTS                          "uXMS_374,iSerialWitMotion,"
DB_EVENT                            "connected=uXMS_374"
DB_QOS                              "iSerialWitMotion=0.687838:1.45388:0.111103:0.406361,uXMS_374=0.183105:1.23906:0.101089:0.269604,"
DB_TIME                             1787021649.903985
DB_UPTIME                           75.061711
INS_ACCEL_X                         -0.000011
INS_ACCEL_Y                         0.000332
INS_ACCEL_Z                         1.000026
INS_DATA                            "{"accelerationX":-1.0620009561534971e-05,"accelerationY":0.00033166230423375964,"accelerationZ":1.000025987625122,"angular_velocity_x":0.10396323353052139,"angular_velocity_y":0.30984511971473694,"angular_velocity_z":0.1368267834186554,"magnetic_field_x_uT":-8.596832275390625,"magnetic_field_y_uT":-37.15232467651367,"magnetic_field_z_uT":6.929569244384766,"pitch":-0.10000000149011612,"pitch_madgwick":33.042781829833984,"quaternion_q0":0.117340087890625,"quaternion_q1":-0.007659912109375,"quaternion_q2":0.076751708984375,"quaternion_q3":-0.99005126953125,"raw_temperature":3295.0,"roll":-9.53499984741211,"roll_madgwick":20.562393188476563,"status":"Calibrated","temperature":-3.2950000762939453,"yaw":-166.4929962158203,"yaw_madgwick":29.706714630126953,"yaw_madgwick_mean":25.708841489221484,"yaw_madgwick_raw":29.706714630126953,"yaw_static":-146.38340379247126}"
INS_GYRO_X                          0.103963
INS_GYRO_Y                          0.309845
INS_GYRO_Z                          0.136827
INS_PITCH                           33.042782
INS_QUAT_W                          0.11734
INS_QUAT_X                          -0.00766
INS_QUAT_Y                          0.076752
INS_QUAT_Z                          -0.990051
INS_RAW_TEMPERATURE                 3295
INS_ROLL                            20.562393
INS_TEMPERATURE                     -3.295
INS_YAW                             29.706715
  -- displaying all variables --










==============================================================
uXMS_374                                              0/0(364)
==============================================================
VarName              (S)  (T)  (C)  VarValue (SCOPING:[7;32mEVENTS[0m)
-------------------  ---  ---  ---  -------------------------
DB_CLIENTS                          "uXMS_374,iSerialWitMotion,"
DB_EVENT                            "connected=uXMS_374"
DB_QOS                              "iSerialWitMotion=0.687838:1.45388:0.111103:0.406361,uXMS_374=0.183105:1.23906:0.101089:0.269604,"
DB_TIME                             1787021649.903985
DB_UPTIME                           75.061711
INS_ACCEL_X                         -0.000029
INS_ACCEL_Y                         0.000304
INS_ACCEL_Z                         1.000067
INS_DATA                            "{"accelerationX":-2.8922208002768457e-05,"accelerationY":0.0003043455653823912,"accelerationZ":1.0000665187835693,"angular_velocity_x":0.09942994266748428,"angular_velocity_y":0.3092961311340332,"angular_velocity_z":0.1529874950647354,"magnetic_field_x_uT":-8.606755256652832,"magnetic_field_y_uT":-37.153472900390625,"magnetic_field_z_uT":6.9307541847229,"pitch":-0.10000000149011612,"pitch_madgwick":38.01908493041992,"quaternion_q0":0.1173095703125,"quaternion_q1":-0.00762939453125,"quaternion_q2":0.076751708984375,"quaternion_q3":-0.99005126953125,"raw_temperature":3295.0,"roll":-9.53499984741211,"roll_madgwick":28.441640853881836,"status":"Calibrated","temperature":-3.2950000762939453,"yaw":-166.4949951171875,"yaw_madgwick":40.77271270751953,"yaw_madgwick_mean":34.28761774399245,"yaw_madgwick_raw":40.77271270751953,"yaw_static":-146.38340379247126}"
INS_GYRO_X                          0.09943
INS_GYRO_Y                          0.309296
INS_GYRO_Z                          0.152987
INS_PITCH                           38.019085
INS_QUAT_W                          0.11731
INS_QUAT_X                          -0.007629
INS_QUAT_Y                          0.076752
INS_QUAT_Z                          -0.990051
INS_RAW_TEMPERATURE                 3295
INS_ROLL                            28.441641
INS_TEMPERATURE                     -3.295
INS_YAW                             40.772713
  -- displaying all variables --










==============================================================
uXMS_374                                              0/0(367)
==============================================================
VarName              (S)  (T)  (C)  VarValue (SCOPING:[7;32mEVENTS[0m)
-------------------  ---  ---  ---  -------------------------
DB_CLIENTS                          "uXMS_374,iSerialWitMotion,"
DB_EVENT                            "connected=uXMS_374"
DB_QOS                              "iSerialWitMotion=0.687838:1.45388:0.111103:0.406361,uXMS_374=0.183105:1.23906:0.101089:0.269604,"
DB_TIME                             1787021649.903985
DB_UPTIME                           75.061711
INS_ACCEL_X                         -0.000004
INS_ACCEL_Y                         0.000328
INS_ACCEL_Z                         1.000108
INS_DATA                            "{"accelerationX":-4.371303475636523e-06,"accelerationY":0.00032753401319496334,"accelerationZ":1.000108242034912,"angular_velocity_x":0.11864843964576721,"angular_velocity_y":0.3225115239620209,"angular_velocity_z":0.12332849204540253,"magnetic_field_x_uT":-8.601311683654785,"magnetic_field_y_uT":-37.1501350402832,"magnetic_field_z_uT":6.930236339569092,"pitch":-0.10100000351667404,"pitch_madgwick":44.164215087890625,"quaternion_q0":0.11724853515625,"quaternion_q1":-0.007659912109375,"quaternion_q2":0.076751708984375,"quaternion_q3":-0.99005126953125,"raw_temperature":3295.0,"roll":-9.53499984741211,"roll_madgwick":39.824710845947266,"status":"Calibrated","temperature":-3.2950000762939453,"yaw":-166.50100708007813,"yaw_madgwick":51.65660858154297,"yaw_madgwick_mean":44.68572234137445,"yaw_madgwick_raw":51.65660858154297,"yaw_static":-146.38340379247126}"
INS_GYRO_X                          0.118648
INS_GYRO_Y                          0.322512
INS_GYRO_Z                          0.123328
INS_PITCH                           44.164215
INS_QUAT_W                          0.117249
INS_QUAT_X                          -0.00766
INS_QUAT_Y                          0.076752
INS_QUAT_Z                          -0.990051
INS_RAW_TEMPERATURE                 3295
INS_ROLL                            39.824711
INS_TEMPERATURE                     -3.295
INS_YAW                             51.656609
  -- displaying all variables --










==============================================================
uXMS_374                                              0/0(370)
==============================================================
VarName              (S)  (T)  (C)  VarValue (SCOPING:[7;32mEVENTS[0m)
-------------------  ---  ---  ---  -------------------------
DB_CLIENTS                          "uXMS_374,iSerialWitMotion,"
DB_EVENT                            "connected=uXMS_374"
DB_QOS                              "iSerialWitMotion=0.687838:1.45388:0.111103:0.406361,uXMS_374=0.183105:1.23906:0.101089:0.269604,"
DB_TIME                             1787021649.903985
DB_UPTIME                           75.061711
INS_ACCEL_X                         -0.000001
INS_ACCEL_Y                         0.000331
INS_ACCEL_Z                         1.000077
INS_DATA                            "{"accelerationX":-6.606788929275353e-07,"accelerationY":0.00033103872556239367,"accelerationZ":1.0000768899917603,"angular_velocity_x":0.11514273285865784,"angular_velocity_y":0.3377467393875122,"angular_velocity_z":0.14753273129463196,"magnetic_field_x_uT":-8.596017837524414,"magnetic_field_y_uT":-37.152793884277344,"magnetic_field_z_uT":6.93170166015625,"pitch":-0.10000000149011612,"pitch_madgwick":49.13560104370117,"quaternion_q0":0.11724853515625,"quaternion_q1":-0.00762939453125,"quaternion_q2":0.076751708984375,"quaternion_q3":-0.99005126953125,"raw_temperature":3295.0,"roll":-9.534000396728516,"roll_madgwick":58.29535675048828,"status":"Calibrated","temperature":-3.2950000762939453,"yaw":-166.50399780273438,"yaw_madgwick":69.01221084594727,"yaw_madgwick_mean":58.70465785435087,"yaw_madgwick_raw":69.01221084594727,"yaw_static":-146.38340379247126}"
INS_GYRO_X                          0.115143
INS_GYRO_Y                          0.337747
INS_GYRO_Z                          0.147533
INS_PITCH                           49.135601
INS_QUAT_W                          0.117249
INS_QUAT_X                          -0.007629
INS_QUAT_Y                          0.076752
INS_QUAT_Z                          -0.990051
INS_RAW_TEMPERATURE                 3295
INS_ROLL                            58.295357
INS_TEMPERATURE                     -3.295
INS_YAW                             69.012211
  -- displaying all variables --










==============================================================
uXMS_374                                              0/0(373)
==============================================================
VarName              (S)  (T)  (C)  VarValue (SCOPING:[7;32mEVENTS[0m)
-------------------  ---  ---  ---  -------------------------
DB_CLIENTS                          "uXMS_374,iSerialWitMotion,"
DB_EVENT                            "connected=uXMS_374"
DB_QOS                              "iSerialWitMotion=0.514984:1.45388:0.111103:0.37179,uXMS_374=0.362873:1.23906:0.101089:0.305557,"
DB_TIME                             1787021651.9166
DB_UPTIME                           77.074327
INS_ACCEL_X                         0
INS_ACCEL_Y                         0.000332
INS_ACCEL_Z                         1.000055
INS_DATA                            "{"accelerationX":-1.368169790794127e-07,"accelerationY":0.0003315335197839886,"accelerationZ":1.000055193901062,"angular_velocity_x":0.09981805086135864,"angular_velocity_y":0.33036553859710693,"angular_velocity_z":0.1307263970375061,"magnetic_field_x_uT":-8.598443984985352,"magnetic_field_y_uT":-37.15721893310547,"magnetic_field_z_uT":6.925516605377197,"pitch":-0.10000000149011612,"pitch_madgwick":49.380401611328125,"quaternion_q0":0.117218017578125,"quaternion_q1":-0.00762939453125,"quaternion_q2":0.07672119140625,"quaternion_q3":-0.99005126953125,"raw_temperature":3284.0,"roll":-9.532999992370605,"roll_madgwick":74.04915618896484,"status":"Calibrated","temperature":-3.2839999198913574,"yaw":-166.5050048828125,"yaw_madgwick":85.3023681640625,"yaw_madgwick_mean":73.8869036916971,"yaw_madgwick_raw":85.3023681640625,"yaw_static":-146.38340379247126}"
INS_GYRO_X                          0.099818
INS_GYRO_Y                          0.330366
INS_GYRO_Z                          0.130726
INS_PITCH                           49.380402
INS_QUAT_W                          0.117218
INS_QUAT_X                          -0.007629
INS_QUAT_Y                          0.076721
INS_QUAT_Z                          -0.990051
INS_RAW_TEMPERATURE                 3284
INS_ROLL                            74.049156
INS_TEMPERATURE                     -3.284
INS_YAW                             85.302368
  -- displaying all variables --










==============================================================
uXMS_374                                              0/0(376)
==============================================================
VarName              (S)  (T)  (C)  VarValue (SCOPING:[7;32mEVENTS[0m)
-------------------  ---  ---  ---  -------------------------
DB_CLIENTS                          "uXMS_374,iSerialWitMotion,"
DB_EVENT                            "connected=uXMS_374"
DB_QOS                              "iSerialWitMotion=0.514984:1.45388:0.111103:0.37179,uXMS_374=0.362873:1.23906:0.101089:0.305557,"
DB_TIME                             1787021651.9166
DB_UPTIME                           77.074327
INS_ACCEL_X                         0
INS_ACCEL_Y                         0.000332
INS_ACCEL_Z                         0.999947
INS_DATA                            "{"accelerationX":-2.067852378218049e-08,"accelerationY":0.00033164321212098,"accelerationZ":0.9999473690986633,"angular_velocity_x":0.09788944572210312,"angular_velocity_y":0.32101738452911377,"angular_velocity_z":0.12679322063922882,"magnetic_field_x_uT":-8.590726852416992,"magnetic_field_y_uT":-37.14763259887695,"magnetic_field_z_uT":6.933815002441406,"pitch":-0.10000000149011612,"pitch_madgwick":46.12510299682617,"quaternion_q0":0.1171875,"quaternion_q1":-0.00762939453125,"quaternion_q2":0.07672119140625,"quaternion_q3":-0.99005126953125,"raw_temperature":3317.0,"roll":-9.532999992370605,"roll_madgwick":88.42913818359375,"status":"Calibrated","temperature":-3.316999912261963,"yaw":-166.50999450683594,"yaw_madgwick":101.46349334716797,"yaw_madgwick_mean":91.10849668634899,"yaw_madgwick_raw":101.46349334716797,"yaw_static":-146.38340379247126}"
INS_GYRO_X                          0.097889
INS_GYRO_Y                          0.321017
INS_GYRO_Z                          0.126793
INS_PITCH                           46.125103
INS_QUAT_W                          0.117188
INS_QUAT_X                          -0.007629
INS_QUAT_Y                          0.076721
INS_QUAT_Z                          -0.990051
INS_RAW_TEMPERATURE                 3317
INS_ROLL                            88.429138
INS_TEMPERATURE                     -3.317
INS_YAW                             101.463493
  -- displaying all variables --










==============================================================
uXMS_374                                              0/0(379)
==============================================================
VarName              (S)  (T)  (C)  VarValue (SCOPING:[7;32mEVENTS[0m)
-------------------  ---  ---  ---  -------------------------
DB_CLIENTS                          "uXMS_374,iSerialWitMotion,"
DB_EVENT                            "connected=uXMS_374"
DB_QOS                              "iSerialWitMotion=0.514984:1.45388:0.111103:0.37179,uXMS_374=0.362873:1.23906:0.101089:0.305557,"
DB_TIME                             1787021651.9166
DB_UPTIME                           77.074327
INS_ACCEL_X                         -0.000132
INS_ACCEL_Y                         0.000332
INS_ACCEL_Z                         1.000106
INS_DATA                            "{"accelerationX":-0.00013191533798817545,"accelerationY":0.0003316597722005099,"accelerationZ":1.0001059770584106,"angular_velocity_x":0.12309419363737106,"angular_velocity_y":0.31865906715393066,"angular_velocity_z":0.12278413027524948,"magnetic_field_x_uT":-8.605319023132324,"magnetic_field_y_uT":-37.15144729614258,"magnetic_field_z_uT":6.92561674118042,"pitch":-0.10000000149011612,"pitch_madgwick":40.65632629394531,"quaternion_q0":0.117156982421875,"quaternion_q1":-0.00762939453125,"quaternion_q2":0.076751708984375,"quaternion_q3":-0.99005126953125,"raw_temperature":3295.0,"roll":-9.532999992370605,"roll_madgwick":102.25566101074219,"status":"Calibrated","temperature":-3.2950000762939453,"yaw":-166.51300048828125,"yaw_madgwick":115.25942993164063,"yaw_madgwick_mean":106.87573650557357,"yaw_madgwick_raw":115.25942993164063,"yaw_static":-146.38340379247126}"
INS_GYRO_X                          0.123094
INS_GYRO_Y                          0.318659
INS_GYRO_Z                          0.122784
INS_PITCH                           40.656326
INS_QUAT_W                          0.117157
INS_QUAT_X                          -0.007629
INS_QUAT_Y                          0.076752
INS_QUAT_Z                          -0.990051
INS_RAW_TEMPERATURE                 3295
INS_ROLL                            102.255661
INS_TEMPERATURE                     -3.295
INS_YAW                             115.25943
  -- displaying all variables --










==============================================================
uXMS_374                                              0/0(382)
==============================================================
VarName              (S)  (T)  (C)  VarValue (SCOPING:[7;32mEVENTS[0m)
-------------------  ---  ---  ---  -------------------------
DB_CLIENTS                          "uXMS_374,iSerialWitMotion,"
DB_EVENT                            "connected=uXMS_374"
DB_QOS                              "iSerialWitMotion=0.714779:1.45388:0.111103:0.411749,uXMS_374=0.552893:1.23906:0.101089:0.343561,"
DB_TIME                             1787021653.921545
DB_UPTIME                           79.079277
INS_ACCEL_X                         -0.000057
INS_ACCEL_Y                         0.000332
INS_ACCEL_Z                         1.000025
INS_DATA                            "{"accelerationX":-5.7366381952306256e-05,"accelerationY":0.00033166230423375964,"accelerationZ":1.0000252723693848,"angular_velocity_x":0.12222505360841751,"angular_velocity_y":0.33573707938194275,"angular_velocity_z":0.12217818945646286,"magnetic_field_x_uT":-8.606139183044434,"magnetic_field_y_uT":-37.160316467285156,"magnetic_field_z_uT":6.926804065704346,"pitch":-0.10000000149011612,"pitch_madgwick":33.262664794921875,"quaternion_q0":0.11712646484375,"quaternion_q1":-0.00762939453125,"quaternion_q2":0.076751708984375,"quaternion_q3":-0.990081787109375,"raw_temperature":3295.0,"roll":-9.532999992370605,"roll_madgwick":114.30811309814453,"status":"Calibrated","temperature":-3.2950000762939453,"yaw":-166.51499938964844,"yaw_madgwick":127.6208724975586,"yaw_madgwick_mean":119.74793310804448,"yaw_madgwick_raw":127.6208724975586,"yaw_static":-146.38340379247126}"
INS_GYRO_X                          0.122225
INS_GYRO_Y                          0.335737
INS_GYRO_Z                          0.122178
INS_PITCH                           33.262665
INS_QUAT_W                          0.117126
INS_QUAT_X                          -0.007629
INS_QUAT_Y                          0.076752
INS_QUAT_Z                          -0.990082
INS_RAW_TEMPERATURE                 3295
INS_ROLL                            114.308113
INS_TEMPERATURE                     -3.295
INS_YAW                             127.620872
  -- displaying all variables --










==============================================================
uXMS_374                                              0/0(385)
==============================================================
VarName              (S)  (T)  (C)  VarValue (SCOPING:[7;32mEVENTS[0m)
-------------------  ---  ---  ---  -------------------------
DB_CLIENTS                          "uXMS_374,iSerialWitMotion,"
DB_EVENT                            "connected=uXMS_374"
DB_QOS                              "iSerialWitMotion=0.714779:1.45388:0.111103:0.411749,uXMS_374=0.552893:1.23906:0.101089:0.343561,"
DB_TIME                             1787021653.921545
DB_UPTIME                           79.079277
INS_ACCEL_X                         -0.000108
INS_ACCEL_Y                         0.000332
INS_ACCEL_Z                         0.999986
INS_DATA                            "{"accelerationX":-0.00010815505083883181,"accelerationY":0.0003316626534797251,"accelerationZ":0.9999856948852539,"angular_velocity_x":0.12210234999656677,"angular_velocity_y":0.34318721294403076,"angular_velocity_z":0.12209264934062958,"magnetic_field_x_uT":-8.603384017944336,"magnetic_field_y_uT":-37.14380645751953,"magnetic_field_z_uT":6.935089111328125,"pitch":-0.10000000149011612,"pitch_madgwick":25.674043655395508,"quaternion_q0":0.11712646484375,"quaternion_q1":-0.00762939453125,"quaternion_q2":0.07672119140625,"quaternion_q3":-0.990081787109375,"raw_temperature":3306.0,"roll":-9.532999992370605,"roll_madgwick":121.73217010498047,"status":"Calibrated","temperature":-3.305999994277954,"yaw":-166.51699829101563,"yaw_madgwick":136.08892822265625,"yaw_madgwick_mean":129.77546029800558,"yaw_madgwick_raw":136.08892822265625,"yaw_static":-146.38340379247126}"
INS_GYRO_X                          0.122102
INS_GYRO_Y                          0.343187
INS_GYRO_Z                          0.122093
INS_PITCH                           25.674044
INS_QUAT_W                          0.117126
INS_QUAT_X                          -0.007629
INS_QUAT_Y                          0.076721
INS_QUAT_Z                          -0.990082
INS_RAW_TEMPERATURE                 3306
INS_ROLL                            121.73217
INS_TEMPERATURE                     -3.306
INS_YAW                             136.088928
  -- displaying all variables --










==============================================================
uXMS_374                                              0/0(388)
==============================================================
VarName              (S)  (T)  (C)  VarValue (SCOPING:[7;32mEVENTS[0m)
-------------------  ---  ---  ---  -------------------------
DB_CLIENTS                          "uXMS_374,iSerialWitMotion,"
DB_EVENT                            "connected=uXMS_374"
DB_QOS                              "iSerialWitMotion=0.714779:1.45388:0.111103:0.411749,uXMS_374=0.552893:1.23906:0.101089:0.343561,"
DB_TIME                             1787021653.921545
DB_UPTIME                           79.079277
INS_ACCEL_X                         -0.000081
INS_ACCEL_Y                         0.000332
INS_ACCEL_Z                         1.000149
INS_DATA                            "{"accelerationX":-8.10923520475626e-05,"accelerationY":0.00033166271168738604,"accelerationZ":1.000149130821228,"angular_velocity_x":0.11098616570234299,"angular_velocity_y":0.3132936656475067,"angular_velocity_z":0.1284840703010559,"magnetic_field_x_uT":-8.59699535369873,"magnetic_field_y_uT":-37.14450454711914,"magnetic_field_z_uT":6.929991245269775,"pitch":-0.10000000149011612,"pitch_madgwick":16.055458068847656,"quaternion_q0":0.117095947265625,"quaternion_q1":-0.00762939453125,"quaternion_q2":0.07672119140625,"quaternion_q3":-0.990081787109375,"raw_temperature":3295.0,"roll":-9.532999992370605,"roll_madgwick":126.16275024414063,"status":"Calibrated","temperature":-3.2950000762939453,"yaw":-166.52099609375,"yaw_madgwick":142.18492889404297,"yaw_madgwick_mean":137.8876616700479,"yaw_madgwick_raw":142.18492889404297,"yaw_static":-146.38340379247126}"
INS_GYRO_X                          0.110986
INS_GYRO_Y                          0.313294
INS_GYRO_Z                          0.128484
INS_PITCH                           16.055458
INS_QUAT_W                          0.117096
INS_QUAT_X                          -0.007629
INS_QUAT_Y                          0.076721
INS_QUAT_Z                          -0.990082
INS_RAW_TEMPERATURE                 3295
INS_ROLL                            126.16275
INS_TEMPERATURE                     -3.295
INS_YAW                             142.184929
  -- displaying all variables --










==============================================================
uXMS_374                                              0/0(391)
==============================================================
VarName              (S)  (T)  (C)  VarValue (SCOPING:[7;32mEVENTS[0m)
-------------------  ---  ---  ---  -------------------------
DB_CLIENTS                          "uXMS_374,iSerialWitMotion,"
DB_EVENT                            "connected=uXMS_374"
DB_QOS                              "iSerialWitMotion=0.714779:1.45388:0.111103:0.411749,uXMS_374=0.552893:1.23906:0.101089:0.343561,"
DB_TIME                             1787021653.921545
DB_UPTIME                           79.079277
INS_ACCEL_X                         -0.000012
INS_ACCEL_Y                         0.00028
INS_ACCEL_Z                         1.000164
INS_DATA                            "{"accelerationX":-1.2256299669388682e-05,"accelerationY":0.000280379579635337,"accelerationZ":1.0001636743545532,"angular_velocity_x":0.0863395407795906,"angular_velocity_y":0.3461785912513733,"angular_velocity_z":0.1277182698249817,"magnetic_field_x_uT":-8.606705665588379,"magnetic_field_y_uT":-37.15218734741211,"magnetic_field_z_uT":6.932112216949463,"pitch":-0.24199999868869781,"pitch_madgwick":4.987075328826904,"quaternion_q0":0.117279052734375,"quaternion_q1":-0.009063720703125,"quaternion_q2":0.076568603515625,"quaternion_q3":-0.99005126953125,"raw_temperature":3306.0,"roll":-9.532999992370605,"roll_madgwick":130.45155334472656,"status":"Calibrated","temperature":-3.305999994277954,"yaw":-166.49099731445313,"yaw_madgwick":149.1194305419922,"yaw_madgwick_mean":144.91562972833597,"yaw_madgwick_raw":149.1194305419922,"yaw_static":-146.38340379247126}"
INS_GYRO_X                          0.08634
INS_GYRO_Y                          0.346179
INS_GYRO_Z                          0.127718
INS_PITCH                           4.987075
INS_QUAT_W                          0.117279
INS_QUAT_X                          -0.009064
INS_QUAT_Y                          0.076569
INS_QUAT_Z                          -0.990051
INS_RAW_TEMPERATURE                 3306
INS_ROLL                            130.451553
INS_TEMPERATURE                     -3.306
INS_YAW                             149.119431
  -- displaying all variables --










==============================================================
uXMS_374                                              0/0(394)
==============================================================
VarName              (S)  (T)  (C)  VarValue (SCOPING:[7;32mEVENTS[0m)
-------------------  ---  ---  ---  -------------------------
DB_CLIENTS                          "uXMS_374,iSerialWitMotion,"
DB_EVENT                            "connected=uXMS_374"
DB_QOS                              "iSerialWitMotion=0.491858:1.45388:0.111103:0.367165,uXMS_374=0.353813:1.23906:0.101089:0.303745,"
DB_TIME                             1787021655.934774
DB_UPTIME                           81.092502
INS_ACCEL_X                         -0.000002
INS_ACCEL_Y                         0.000031
INS_ACCEL_Z                         0.999991
INS_DATA                            "{"accelerationX":-1.8524175402490073e-06,"accelerationY":3.097848093602806e-05,"accelerationZ":0.9999910593032837,"angular_velocity_x":0.10788671672344208,"angular_velocity_y":0.31137293577194214,"angular_velocity_z":0.14409154653549194,"magnetic_field_x_uT":-8.612357139587402,"magnetic_field_y_uT":-37.14785385131836,"magnetic_field_z_uT":6.944411754608154,"pitch":-0.4399999976158142,"pitch_madgwick":-6.113378524780273,"quaternion_q0":0.117462158203125,"quaternion_q1":-0.010711669921875,"quaternion_q2":0.07635498046875,"quaternion_q3":-0.990020751953125,"raw_temperature":3284.0,"roll":-9.532999992370605,"roll_madgwick":135.5501251220703,"status":"Calibrated","temperature":-3.2839999198913574,"yaw":-166.4530029296875,"yaw_madgwick":153.26467895507813,"yaw_madgwick_mean":150.50010902496186,"yaw_madgwick_raw":153.26467895507813,"yaw_static":-146.38340379247126}"
INS_GYRO_X                          0.107887
INS_GYRO_Y                          0.311373
INS_GYRO_Z                          0.144092
INS_PITCH                           -6.113379
INS_QUAT_W                          0.117462
INS_QUAT_X                          -0.010712
INS_QUAT_Y                          0.076355
INS_QUAT_Z                          -0.990021
INS_RAW_TEMPERATURE                 3284
INS_ROLL                            135.550125
INS_TEMPERATURE                     -3.284
INS_YAW                             153.264679
  -- displaying all variables --










==============================================================
uXMS_374                                              0/0(397)
==============================================================
VarName              (S)  (T)  (C)  VarValue (SCOPING:[7;32mEVENTS[0m)
-------------------  ---  ---  ---  -------------------------
DB_CLIENTS                          "uXMS_374,iSerialWitMotion,"
DB_EVENT                            "connected=uXMS_374"
DB_QOS                              "iSerialWitMotion=0.491858:1.45388:0.111103:0.367165,uXMS_374=0.353813:1.23906:0.101089:0.303745,"
DB_TIME                             1787021655.934774
DB_UPTIME                           81.092502
INS_ACCEL_X                         0
INS_ACCEL_Y                         0.000154
INS_ACCEL_Z                         1.000167
INS_DATA                            "{"accelerationX":-2.799744436288165e-07,"accelerationY":0.00015430510393343866,"accelerationZ":1.0001671314239502,"angular_velocity_x":0.11351620405912399,"angular_velocity_y":0.32859477400779724,"angular_velocity_z":0.128813236951828,"magnetic_field_x_uT":-8.598261833190918,"magnetic_field_y_uT":-37.15068435668945,"magnetic_field_z_uT":6.940768718719482,"pitch":-0.5379999876022339,"pitch_madgwick":-17.59307289123535,"quaternion_q0":0.1175537109375,"quaternion_q1":-0.01153564453125,"quaternion_q2":0.07623291015625,"quaternion_q3":-0.990020751953125,"raw_temperature":3295.0,"roll":-9.527999877929688,"roll_madgwick":138.4925994873047,"status":"Calibrated","temperature":-3.2950000762939453,"yaw":-166.43299865722656,"yaw_madgwick":157.77194213867188,"yaw_madgwick_mean":155.1879192505093,"yaw_madgwick_raw":157.77194213867188,"yaw_static":-146.38340379247126}"
INS_GYRO_X                          0.113516
INS_GYRO_Y                          0.328595
INS_GYRO_Z                          0.128813
INS_PITCH                           -17.593073
INS_QUAT_W                          0.117554
INS_QUAT_X                          -0.011536
INS_QUAT_Y                          0.076233
INS_QUAT_Z                          -0.990021
INS_RAW_TEMPERATURE                 3295
INS_ROLL                            138.492599
INS_TEMPERATURE                     -3.295
INS_YAW                             157.771942
  -- displaying all variables --










==============================================================
uXMS_374                                              0/0(400)
==============================================================
VarName              (S)  (T)  (C)  VarValue (SCOPING:[7;32mEVENTS[0m)
-------------------  ---  ---  ---  -------------------------
DB_CLIENTS                          "uXMS_374,iSerialWitMotion,"
DB_EVENT                            "connected=uXMS_374"
DB_QOS                              "iSerialWitMotion=0.491858:1.45388:0.111103:0.367165,uXMS_374=0.353813:1.23906:0.101089:0.303745,"
DB_TIME                             1787021655.934774
DB_UPTIME                           81.092502
INS_ACCEL_X                         0
INS_ACCEL_Y                         0.000295
INS_ACCEL_Z                         1.000015
INS_DATA                            "{"accelerationX":-5.7978631673449854e-08,"accelerationY":0.0002949345507659018,"accelerationZ":1.0000150203704834,"angular_velocity_x":0.10826446115970612,"angular_velocity_y":0.3321385383605957,"angular_velocity_z":0.12346667051315308,"magnetic_field_x_uT":-8.594328880310059,"magnetic_field_y_uT":-37.15639877319336,"magnetic_field_z_uT":6.925643444061279,"pitch":-0.5929999947547913,"pitch_madgwick":-26.789257049560547,"raw_temperature":3295.0,"roll":-9.529999732971191,"roll_madgwick":139.9380645751953,"status":"Calibrated","temperature":-3.2950000762939453,"yaw":-166.4250030517578,"yaw_madgwick":161.45651245117188,"yaw_madgwick_mean":158.5841803801441,"yaw_madgwick_raw":161.45651245117188,"yaw_static":-146.38340379247126}"
INS_GYRO_X                          0.108264
INS_GYRO_Y                          0.332139
INS_GYRO_Z                          0.123467
INS_PITCH                           -26.789257
INS_QUAT_W                          0.117615
INS_QUAT_X                          -0.011902
INS_QUAT_Y                          0.076202
INS_QUAT_Z                          -0.990021
INS_RAW_TEMPERATURE                 3295
INS_ROLL                            139.938065
INS_TEMPERATURE                     -3.295
INS_YAW                             161.456512
  -- displaying all variables --










==============================================================
uXMS_374                                              0/0(403)
==============================================================
VarName              (S)  (T)  (C)  VarValue (SCOPING:[7;32mEVENTS[0m)
-------------------  ---  ---  ---  -------------------------
DB_CLIENTS                          "uXMS_374,iSerialWitMotion,"
DB_EVENT                            "connected=uXMS_374"
DB_QOS                              "iSerialWitMotion=0.469923:1.45388:0.111103:0.362778,uXMS_374=0.341892:1.23906:0.101089:0.301361,"
DB_TIME                             1787021657.940571
DB_UPTIME                           83.0983
INS_ACCEL_X                         0
INS_ACCEL_Y                         0.000324
INS_ACCEL_Z                         0.999946
INS_DATA                            "{"accelerationX":-1.2006530880626087e-08,"accelerationY":0.00032405686215497553,"accelerationZ":0.999946117401123,"angular_velocity_x":0.11453273147344589,"angular_velocity_y":0.2987249493598938,"angular_velocity_z":0.12703806161880493,"magnetic_field_x_uT":-8.592178344726563,"magnetic_field_y_uT":-37.152164459228516,"magnetic_field_z_uT":6.928385257720947,"pitch":-0.621999979019165,"pitch_madgwick":-35.80865478515625,"raw_temperature":3317.0,"roll":-9.529999732971191,"roll_madgwick":142.11257934570313,"status":"Calibrated","temperature":-3.316999912261963,"yaw":-166.42599487304688,"yaw_madgwick":163.7892608642578,"yaw_madgwick_mean":161.64820503098642,"yaw_madgwick_raw":163.7892608642578,"yaw_static":-146.38340379247126}"
INS_GYRO_X                          0.114533
INS_GYRO_Y                          0.298725
INS_GYRO_Z                          0.127038
INS_PITCH                           -35.808655
INS_QUAT_W                          0.117554
INS_QUAT_X                          -0.012177
INS_QUAT_Y                          0.076172
INS_QUAT_Z                          -0.990021
INS_RAW_TEMPERATURE                 3317
INS_ROLL                            142.112579
INS_TEMPERATURE                     -3.317
INS_YAW                             163.789261
  -- displaying all variables --










==============================================================
uXMS_374                                              0/0(406)
==============================================================
VarName              (S)  (T)  (C)  VarValue (SCOPING:[7;32mEVENTS[0m)
-------------------  ---  ---  ---  -------------------------
DB_CLIENTS                          "uXMS_374,iSerialWitMotion,"
DB_EVENT                            "connected=uXMS_374"
DB_QOS                              "iSerialWitMotion=0.469923:1.45388:0.111103:0.362778,uXMS_374=0.341892:1.23906:0.101089:0.301361,"
DB_TIME                             1787021657.940571
DB_UPTIME                           83.0983
INS_ACCEL_X                         0
INS_ACCEL_Y                         0.000199
INS_ACCEL_Z                         1.000106
INS_DATA                            "{"accelerationX":-1.8146674163332932e-09,"accelerationY":0.00019860097381751984,"accelerationZ":1.0001057386398315,"angular_velocity_x":0.08258260786533356,"angular_velocity_y":0.2877117693424225,"angular_velocity_z":0.10974673926830292,"magnetic_field_x_uT":-8.574970245361328,"magnetic_field_y_uT":-37.155723571777344,"magnetic_field_z_uT":6.9134345054626465,"pitch":-0.6510000228881836,"pitch_madgwick":-46.22789764404297,"quaternion_q0":0.117523193359375,"quaternion_q1":-0.012481689453125,"quaternion_q2":0.076202392578125,"quaternion_q3":-0.990020751953125,"raw_temperature":3306.0,"roll":-9.53499984741211,"roll_madgwick":142.2644500732422,"status":"Calibrated","temperature":-3.305999994277954,"yaw":-166.427001953125,"yaw_madgwick":167.78445434570313,"yaw_madgwick_mean":165.40503251736015,"yaw_madgwick_raw":167.78445434570313,"yaw_static":-146.38340379247126}"
INS_GYRO_X                          0.082583
INS_GYRO_Y                          0.287712
INS_GYRO_Z                          0.109747
INS_PITCH                           -46.227898
INS_QUAT_W                          0.117523
INS_QUAT_X                          -0.012482
INS_QUAT_Y                          0.076202
INS_QUAT_Z                          -0.990021
INS_RAW_TEMPERATURE                 3306
INS_ROLL                            142.26445
INS_TEMPERATURE                     -3.306
INS_YAW                             167.784454
  -- displaying all variables --










==============================================================
uXMS_374                                              0/0(409)
==============================================================
VarName              (S)  (T)  (C)  VarValue (SCOPING:[7;32mEVENTS[0m)
-------------------  ---  ---  ---  -------------------------
DB_CLIENTS                          "uXMS_374,iSerialWitMotion,"
DB_EVENT                            "connected=uXMS_374"
DB_QOS                              "iSerialWitMotion=0.469923:1.45388:0.111103:0.362778,uXMS_374=0.341892:1.23906:0.101089:0.301361,"
DB_TIME                             1787021657.940571
DB_UPTIME                           83.0983
INS_ACCEL_X                         0
INS_ACCEL_Y                         0.000164
INS_ACCEL_Z              